-- phpMyAdmin SQL Dump
-- version 4.6.6
-- https://www.phpmyadmin.net/
--
-- Host: localhost
-- Generation Time: Sep 17, 2018 at 09:14 AM
-- Server version: 5.7.17-log
-- PHP Version: 5.6.30

SET SQL_MODE = "NO_AUTO_VALUE_ON_ZERO";
SET time_zone = "+00:00";


/*!40101 SET @OLD_CHARACTER_SET_CLIENT=@@CHARACTER_SET_CLIENT */;
/*!40101 SET @OLD_CHARACTER_SET_RESULTS=@@CHARACTER_SET_RESULTS */;
/*!40101 SET @OLD_COLLATION_CONNECTION=@@COLLATION_CONNECTION */;
/*!40101 SET NAMES utf8mb4 */;

--
-- Database: `lms_demo_2`
--

-- --------------------------------------------------------

--
-- Table structure for table `audiovisual_`
--

CREATE TABLE `audiovisual_` (
  `Aud_id` int(11) NOT NULL COMMENT 'ไอดีของโสตทัศนวัสดุ',
  `Aud_name` varchar(50) DEFAULT NULL COMMENT 'ชื่อโสตทัศน',
  `Aud_Call_id` int(11) NOT NULL COMMENT 'ไอดีเลขเรียก',
  `Aud_Cat_id` varchar(250) DEFAULT NULL COMMENT 'ไอดีหมวดหมู่',
  `Aud_Reg_id` int(11) DEFAULT NULL COMMENT 'ไอดีข้อกำหนด',
  `Aud_Stab_id` int(11) DEFAULT NULL COMMENT 'ไอดีสถานะ',
  `Aud_amount` varchar(11) DEFAULT NULL COMMENT 'จำนวนแผ่น',
  `Aud_language` varchar(250) DEFAULT NULL COMMENT 'ภาษา',
  `Aud_price` int(11) DEFAULT NULL COMMENT 'ราคา'
) ENGINE=InnoDB DEFAULT CHARSET=utf8 COMMENT='1';

--
-- Dumping data for table `audiovisual_`
--

INSERT INTO `audiovisual_` (`Aud_id`, `Aud_name`, `Aud_Call_id`, `Aud_Cat_id`, `Aud_Reg_id`, `Aud_Stab_id`, `Aud_amount`, `Aud_language`, `Aud_price`) VALUES
(1, 'ไททานิค', 76, '000', 1, NULL, '1', 'thai', 250),
(2, 'duokum', 5, '200', NULL, NULL, '1', 'thai', 250),
(6, 'สายล่อฟ้า', 1, '200', NULL, NULL, '1', 'ไทย', 120),
(29, 'test', 130, '200', NULL, NULL, '1', NULL, 1),
(30, 'noting', 138, '500', NULL, NULL, '2', NULL, 100);

-- --------------------------------------------------------

--
-- Table structure for table `author_`
--

CREATE TABLE `author_` (
  `Aut_id` int(11) NOT NULL COMMENT 'ไอดีของผู้แต่ง',
  `Aut_name` varchar(50) DEFAULT NULL COMMENT 'ชื่อผู้แต่ง',
  `Aut_surname` varchar(50) DEFAULT NULL COMMENT 'นามสกุลผู้แต่ง'
) ENGINE=InnoDB DEFAULT CHARSET=utf8 COMMENT='1';

--
-- Dumping data for table `author_`
--

INSERT INTO `author_` (`Aut_id`, `Aut_name`, `Aut_surname`) VALUES
(1, 'โจเซฟ', 'เวนิงตัน1'),
(4, 'กุลธิดา ', 'รุ่งเรืองกิจ'),
(5, 'สมพงศ์', 'สาระวัณ'),
(7, 'ฉัตรชัย', 'สุดหล่อ');

-- --------------------------------------------------------

--
-- Table structure for table `barcode_`
--

CREATE TABLE `barcode_` (
  `Bc_id` int(11) NOT NULL,
  `Bc_number` varchar(50) DEFAULT NULL,
  `Bc_Bct_id` int(11) DEFAULT NULL,
  `BC_Cnt_id` int(11) DEFAULT NULL
) ENGINE=InnoDB DEFAULT CHARSET=utf8 COMMENT='1\r\n';

--
-- Dumping data for table `barcode_`
--

INSERT INTO `barcode_` (`Bc_id`, `Bc_number`, `Bc_Bct_id`, `BC_Cnt_id`) VALUES
(1, '1200055', 1, 1);

-- --------------------------------------------------------

--
-- Table structure for table `barcode_type_`
--

CREATE TABLE `barcode_type_` (
  `Bct_id` int(11) NOT NULL,
  `Bct_name_` varchar(50) DEFAULT NULL
) ENGINE=InnoDB DEFAULT CHARSET=utf8 COMMENT='1';

--
-- Dumping data for table `barcode_type_`
--

INSERT INTO `barcode_type_` (`Bct_id`, `Bct_name_`) VALUES
(1, 'หนังสือ'),
(2, 'วารสาร'),
(3, 'โสตทัศนวัตถุ');

-- --------------------------------------------------------

--
-- Table structure for table `book_`
--

CREATE TABLE `book_` (
  `Boo_id` int(11) NOT NULL COMMENT 'ไอดีหนังสือ',
  `Boo_name` varchar(50) NOT NULL COMMENT 'ชื่อหนังสือ',
  `Boo_year` year(4) DEFAULT NULL COMMENT 'ปีที่พิมพ์',
  `Boo_price` int(11) DEFAULT NULL COMMENT 'ราคาหนังสือ',
  `Boo_Bc_id` int(11) DEFAULT NULL,
  `Boo_Bct_id` int(11) DEFAULT NULL,
  `Boo_Aut_id` int(11) DEFAULT NULL COMMENT 'ไอดีผู้แต่ง',
  `Boo_Stab_id` int(11) DEFAULT NULL COMMENT 'ไอดีสถานะ',
  `Boo_Pub_id` int(11) DEFAULT NULL COMMENT 'ไอดีสำนักพิมพ์',
  `Boo_Cat_id` varchar(250) DEFAULT NULL COMMENT 'ไอดีหมวดหมู่',
  `Boo_Call_id` int(11) DEFAULT NULL COMMENT 'ไอดีเลขเรียกรายการ',
  `Boo_Reg_id` int(11) DEFAULT NULL COMMENT 'ไอดีกฏระเบียบ',
  `Boo_copy` varchar(11) DEFAULT NULL COMMENT 'เล่มที่เท่าไหร่',
  `Boo_Sub_id` varchar(250) DEFAULT NULL COMMENT 'ไอดีหมวดหมู่ย่อย'
) ENGINE=InnoDB DEFAULT CHARSET=utf8 COMMENT='1';

--
-- Dumping data for table `book_`
--

INSERT INTO `book_` (`Boo_id`, `Boo_name`, `Boo_year`, `Boo_price`, `Boo_Bc_id`, `Boo_Bct_id`, `Boo_Aut_id`, `Boo_Stab_id`, `Boo_Pub_id`, `Boo_Cat_id`, `Boo_Call_id`, `Boo_Reg_id`, `Boo_copy`, `Boo_Sub_id`) VALUES
(2, 'ฤดูที่ฝนตก', 2018, 99, 1, 1, 1, NULL, 1, '700', 2, 1, '1', NULL),
(63, 'หิวเมื่อไหร่ก็แวะมา', 2000, 39, NULL, NULL, 1, NULL, 2, 'COO', 49, NULL, 'ๅ', '410'),
(77, 'กดกด', 2011, 12, NULL, NULL, 1, NULL, 41, '400', 65, NULL, '1', '420'),
(84, 'วันวันวันวัน', 2013, 199, NULL, NULL, 1, NULL, 43, '200', 72, NULL, '12', '410'),
(96, 'พูดอังกฤษนอกตำรา', 2012, 199, NULL, NULL, 1, NULL, 41, '400', 102, NULL, '1', '420'),
(97, 'สวัสดี', 2018, 200, NULL, NULL, 1, NULL, 2, '300', 103, NULL, '1', '420'),
(98, 'เจ็บแต่จบ', 2010, 12, NULL, NULL, 4, NULL, 43, '000', 106, NULL, '1', '410'),
(99, 'เจ็บแต่จบ', 2010, 12, NULL, NULL, 4, NULL, 43, '000', 107, NULL, '2', '410'),
(100, 'เจ็บแต่จบ', 2010, 12, NULL, NULL, 4, NULL, 43, '000', 108, NULL, '3', '410'),
(101, 'asd1', 2015, 200, NULL, NULL, 1, NULL, 2, '200', 109, NULL, '1', '420'),
(102, '2147', 2010, 12, NULL, NULL, 5, NULL, 43, '600', 111, NULL, '1', '430'),
(108, 'test1', 2018, 180, NULL, NULL, 1, NULL, 1, '000', 117, NULL, '1', '1'),
(109, 'test1', 2018, 180, NULL, NULL, 1, NULL, 1, '000', 118, NULL, '2', '1'),
(110, 'test1', 2018, 180, NULL, NULL, 1, NULL, 1, '000', 119, NULL, '3', '1'),
(111, 'edf', 2006, 5, NULL, NULL, 5, NULL, 41, '300', 120, NULL, '1', '410'),
(112, 'stil loving you', 2018, 120, NULL, NULL, 7, NULL, 43, '100', 132, NULL, '1', '1'),
(113, 'test', 2018, 180, NULL, NULL, 4, NULL, 41, '600', 133, NULL, '1', '1'),
(114, 'love', 2018, 100, NULL, NULL, 1, NULL, 1, '000', 134, NULL, '1', '1'),
(115, 'love', 2018, 100, NULL, NULL, 1, NULL, 1, '000', 135, NULL, '2', '1'),
(116, 'love', 2018, 100, NULL, NULL, 1, NULL, 1, '000', 136, NULL, '3', '1');

-- --------------------------------------------------------

--
-- Table structure for table `calendar`
--

CREATE TABLE `calendar` (
  `Cal_id` int(11) NOT NULL,
  `Cal_date` date NOT NULL
) ENGINE=InnoDB DEFAULT CHARSET=utf8;

--
-- Dumping data for table `calendar`
--

INSERT INTO `calendar` (`Cal_id`, `Cal_date`) VALUES
(1, '2018-08-21'),
(2, '2018-08-22'),
(3, '2018-08-23'),
(4, '2018-08-24');

-- --------------------------------------------------------

--
-- Table structure for table `call_number`
--

CREATE TABLE `call_number` (
  `Call_id` int(11) NOT NULL COMMENT 'ไอดีเลขเรียกรายการ',
  `Call_number` varchar(250) NOT NULL COMMENT 'เลขเรียกรายการ',
  `Call_Cnt_id` int(11) NOT NULL COMMENT 'ไอดีประเภทเลขเรียกรายการ',
  `Call_status` int(11) DEFAULT NULL
) ENGINE=InnoDB DEFAULT CHARSET=utf8;

--
-- Dumping data for table `call_number`
--

INSERT INTO `call_number` (`Call_id`, `Call_number`, `Call_Cnt_id`, `Call_status`) VALUES
(1, '500.cd1', 1, 1),
(2, '200.210', 2, 1),
(3, '123', 3, 1),
(5, '500.cd2', 1, 1),
(33, '400.410', 2, 1),
(49, 'COO.410.63', 2, 1),
(53, '5.2010', 3, 1),
(65, '400.420.77', 2, 1),
(72, '200.410.84', 2, 1),
(73, '6.2014', 3, 1),
(76, '7.1.2013', 3, 1),
(96, '11.1.2014', 3, 1),
(102, '9786167708010', 2, 1),
(103, '300.420.97', 2, 1),
(104, '12.1.2018', 3, 1),
(105, '000.cd7', 1, 1),
(106, '000.410.98', 2, 1),
(107, '000.410.99', 2, 1),
(108, '000.410.100', 2, 1),
(109, '200.420.101', 2, 1),
(111, '600.430.102', 2, 0),
(112, '300.410.103', 2, 0),
(113, '300.410.104', 2, 0),
(114, '300.410.105', 2, 0),
(115, '300.410.106', 2, 0),
(116, '300.410.107', 2, 1),
(117, '000.1.108', 2, 1),
(118, '000.1.109', 2, 1),
(119, '000.1.110', 2, 1),
(120, '300.410.111', 2, 1),
(121, '000.cd12', 1, 1),
(122, '100.cd17', 1, 1),
(123, '100.cd22', 1, 1),
(128, '000.cd27', 1, 1),
(129, '000.cd28', 1, 1),
(130, '200.cd29', 1, 1),
(131, '13.1.1', 3, 1),
(132, '100.1.112', 2, 1),
(133, '600.1.113', 2, 1),
(134, '000.1.114', 2, 1),
(135, '000.1.115', 2, 1),
(136, '000.1.116', 2, 1),
(137, '14.1.2018', 3, 1),
(138, '500.cd30', 1, 1);

-- --------------------------------------------------------

--
-- Table structure for table `call_number_type`
--

CREATE TABLE `call_number_type` (
  `Cnt_id` int(11) NOT NULL COMMENT 'ไอดีประเภทเลขเรียกรายการ',
  `Cnt_name` varchar(250) NOT NULL COMMENT 'ชื่อประเภทของเลขเรียกรายการ'
) ENGINE=InnoDB DEFAULT CHARSET=utf8;

--
-- Dumping data for table `call_number_type`
--

INSERT INTO `call_number_type` (`Cnt_id`, `Cnt_name`) VALUES
(1, 'audiovisual'),
(2, 'book'),
(3, 'magazine');

-- --------------------------------------------------------

--
-- Table structure for table `category_`
--

CREATE TABLE `category_` (
  `Cat_id` varchar(250) NOT NULL COMMENT 'ไอดีหมวดหมู่',
  `Cat_name` varchar(50) DEFAULT '0' COMMENT 'ชื่อหมวดหมู่'
) ENGINE=InnoDB DEFAULT CHARSET=utf8 COMMENT='1';

--
-- Dumping data for table `category_`
--

INSERT INTO `category_` (`Cat_id`, `Cat_name`) VALUES
('000', 'เบล็ตเตล็ดความรู้ทั่วไป'),
('100', 'จิตวิทยา'),
('200', 'ศาสนา'),
('300', 'สังคมศาสตร์'),
('400', 'ภาษาศาสตร์'),
('500', 'วิทยาศาสตร์'),
('600', 'วิทยาศาสตร์ประยุกต์ และเทคโนโลยี'),
('700', 'ศิลปะ และการบันเทิง'),
('800', 'วรรณคดี'),
('900', 'ประวัติศาสตร์'),
('COO', 'การ์ตูน');

-- --------------------------------------------------------

--
-- Table structure for table `date_holliday`
--

CREATE TABLE `date_holliday` (
  `Dath_id` int(11) NOT NULL COMMENT 'ไอดีวันหยุด',
  `Dath_date` date NOT NULL COMMENT 'วันหยุด'
) ENGINE=InnoDB DEFAULT CHARSET=utf8;

--
-- Dumping data for table `date_holliday`
--

INSERT INTO `date_holliday` (`Dath_id`, `Dath_date`) VALUES
(1, '2018-08-03'),
(2, '2018-08-12'),
(3, '2018-08-13'),
(91, '2018-08-24'),
(92, '2018-09-01'),
(93, '2018-08-25'),
(94, '2018-09-05'),
(95, '2018-08-30'),
(96, '2018-08-31'),
(97, '2018-09-01'),
(106, '2018-09-07'),
(107, '2018-09-10'),
(108, '2018-09-20');

-- --------------------------------------------------------

--
-- Table structure for table `employee`
--

CREATE TABLE `employee` (
  `Emp_ID` varchar(50) NOT NULL COMMENT 'รหัสพนักงาน',
  `Empname_th` varchar(50) DEFAULT NULL COMMENT 'ชื่อภาษาอังกฤษ',
  `Empsurname_th` varchar(50) DEFAULT NULL COMMENT 'นามสกุลภาษาอังกฤษ'
) ENGINE=InnoDB DEFAULT CHARSET=utf8;

--
-- Dumping data for table `employee`
--

INSERT INTO `employee` (`Emp_ID`, `Empname_th`, `Empsurname_th`) VALUES
('00009', 'สุรีรัตน์', 'ศรีเพ็ชร์'),
('00013', 'จิรเดช', 'พิทักษ์ทวยหาญ'),
('00018', 'สิทธิพร', 'ชลายน'),
('00022', 'ณรงค์ศักดิ์', 'สวัสดี'),
('00025', 'ณัชชา', 'กุลธนปรีดา'),
('00026', 'อาทิตย์', 'สุดโธ'),
('00028', 'นรากร', 'พวงพลอย'),
('00033', 'คณาพจน์', 'สุรนารถ'),
('00034', 'อัครพล', 'พงษ์เกษ'),
('00035', 'โกมินทร์', 'สุขดี'),
('00036', 'ไกรย์', 'ดีหมื่นไวย์'),
('00039', 'ภาณุวัฒน์', 'จงวัฒนาพรชัย'),
('00040', 'สมเด็จ', 'เหมะเทวัน'),
('00041', 'จำเริญ', 'ทองอุลาน'),
('00044', 'มนัสชนก', 'ไสสกุล'),
('00045', 'สงัด', 'จ่ามีเคน'),
('00048', 'ธรรมปพน', 'จิตชื่น'),
('00049', 'สุเมธ', 'นกหงษ์'),
('00053', 'สมเกียรติ', 'โพธิ์ชัยรัตน์'),
('00055', 'ศิริชัย', 'บุญชาติ'),
('00057', 'สุชาติ', 'นกหงษ์'),
('00058', 'ณัฐกิตติ์', 'ละออเอี่ยม'),
('00061', 'กันย์ชวนันท์', 'ประจันตะเสน'),
('00062', 'พิเชษฐ์', 'นาอุดม'),
('00063', 'ธนกฤต', 'ศรปัญญา'),
('00064', 'ธนัชพงศ์', 'พิริยะกิจการณ์'),
('00065', 'พรเทวัน', 'พองพรหม'),
('00066', 'นิธิวัฒน์', 'เครือวงค์'),
('00068', 'แสวง', 'สายวัน'),
('00069', 'ภูวนัย', 'เทศวงศ์'),
('00073', 'ปิยพงษ์', 'แสงสว่าง'),
('00075', 'ไพริน', 'กุดวงค์แก้ว'),
('00076', 'ปัญญา', 'ศิริศิทวน'),
('00078', 'กมลภพ', 'สถิติ'),
('00080', 'ศักดิ์ชาย', 'เปี่ยมวัฒนชัย'),
('00082', 'สมชัย', 'บุญโพธิ์อภิชาติ'),
('00083', 'สุรเชษฐ์', 'โพธิ์แก้ว'),
('00090', 'มนตรี', 'เอื้อเฟื้อ'),
('00093', 'ชาตินารายณ์', 'เพชรสิงห์'),
('00097', 'สุระฉัตร', 'รายณสุข'),
('00098', 'ชลิดา', 'แผ้วพลสง'),
('00100', 'ภาดล', 'เศษโพธิ์'),
('00101', 'นพรัตน์', 'ยศบุตร'),
('00109', 'ทรงพล', 'จันทราภิรมย์'),
('00110', 'วิชาญ', 'ทองนุ่ม'),
('00113', 'รณชิต', 'เทศศรีเมือง'),
('00127', 'มะลิ', 'คำชาวนา'),
('00129', 'เมธา', 'บุดดาวงศ์'),
('00130', 'ยุพา', 'บัวคำ'),
('00131', 'สุภาวดี', 'ทองภู'),
('00132', 'เพ็ญนภา', 'ที่พิมาย'),
('00134', 'ลัดดา', 'โฮมสูงเนิน'),
('00135', 'อภิชาติ', 'วินไธสง'),
('00136', 'สุกัญญา', 'เกษี'),
('00137', 'ณัฐฐพัชร์', 'ศรีสวรรค์'),
('00138', 'พรรณี', 'จันดากรณ์'),
('00139', 'ทองคำ', 'วันแพง'),
('00140', 'รัตนาภรณ์', 'ละอองศรี'),
('00141', 'ราตรี', 'พุทธวอร์'),
('00142', 'อิทธิเชษฐ์', 'ภูขำ'),
('00143', 'วรกัญญา', 'วงศ์หอม'),
('00144', 'สุกัญญา', 'เทศวงศ์'),
('00145', 'สุภาวดี', 'กุลสา'),
('00146', 'ประไพวรรณ', 'สิตะวรรณ'),
('00147', 'ยุพิน', 'มุสิกวัน'),
('00148', 'ศิริพร', 'เพ็งแจ่ม'),
('00150', 'วิศิษฐ์', 'วงศ์หอม'),
('00151', 'ณธนา', 'อิสรากรทอง'),
('00154', 'วิมลวรรณ', 'ชมบุญ'),
('00156', 'พิกุลทอง', 'เดชะคำภู'),
('00158', 'เอื้องฝน', 'ทนงใจ'),
('00159', 'วรรณภา', 'บุญชิต'),
('00160', 'มลิสา', 'ประดับศรี'),
('00161', 'ดารณี', 'สีสุขทอ'),
('00162', 'รวิสราภรณ์', 'อบเชย'),
('00163', 'ไพลิน', 'พรมชาติ'),
('00164', 'รจนา', 'รามเวทย์'),
('00165', 'อำนาจ', 'นิตใธสง'),
('00166', 'เจษฎา', 'สีแสด'),
('00168', 'ลำไพ', 'พลจันทร์'),
('00169', 'กชกร', 'ธรรมพิทักษ์'),
('00170', 'วรดา', 'แสนทวีสุข'),
('00174', 'ศิริรัตน์', 'เมืองหนองหว้า'),
('00176', 'สมศักดิ์', 'เล็กรัตนะ'),
('00179', 'เฉลิมพล', 'สมถาวร'),
('00180', 'นิรุทธ', 'กันทุกข์'),
('00181', 'มนตรี', 'แพรปัง'),
('00183', 'ประชา', 'จูงศักดิ์ศรี'),
('00184', 'จันทร์แรม', 'รอดสมบูรณ์'),
('00186', 'ขวัญเมือง  ', 'ศฤงคาร'),
('00188', 'นิรุต', 'อินทะวาส'),
('00191', 'ศรีจันทร์', 'บัวชุม'),
('00194', 'มานพ', 'สิงห์ก้อม'),
('00196', 'สว่าง', 'เสือสด'),
('00197', 'จงรักษ์', 'วงษ์แสวง'),
('00200', 'สมปอง', 'วระเดช'),
('00201', 'วินัย', 'แก้ววิเศษ'),
('00203', 'ประทีป', 'ปัทมนิธิ'),
('00207', 'สุทัศน์', 'รอดเกษา'),
('00209', 'ฉวีวรรณ', 'สิงบุดดี'),
('00210', 'ไกรษร', 'สมนึก'),
('00211', 'หนึ่งฤทัย', 'ไกรตะโม่'),
('00212', 'สุนิสา', 'อักช้าง'),
('00216', 'กอบสุข', 'ศรีสมบัติ'),
('00217', 'วินัย', 'คำหล้า'),
('00218', 'พจมาน', 'ปันใจ'),
('00223', 'อ้อยทิพย์', 'แพงโตนด'),
('00225', 'ปริวรรต', 'นนตะภาพ'),
('00226', 'ทับทิม', 'ขอนทอง'),
('00227', 'นิรชา', 'บัวเพ็ง'),
('00228', 'พินสุรี', 'อิ่มชา'),
('00230', 'ทวีศักดิ์', 'ปานเกิด'),
('00233', 'นภาพร', 'ดาวงษ์'),
('00235', 'มะลิวัลย์', 'เวชไทย'),
('00236', 'สุพรัตดา', 'ยอดพรม'),
('00237', 'วรวุฒิ', 'สีสมบัติ'),
('00238', 'ยุพิน', 'อยู่มั่น'),
('00239', 'เงิน', 'วรแก่นทราย'),
('00247', 'วรรธนา', 'ชัยชนะ'),
('00254', 'ผวน', 'วรนาม'),
('00256', 'บังอร', 'สวัสดี'),
('00261', 'บุญถิ่น', 'คำดี'),
('00263', 'กฤษดา', 'สืบสุนทร'),
('00264', 'โชคทวี', 'ปิ่นสุวรรณ'),
('00267', 'สราวุฒิ', 'ขันเงิน'),
('00269', 'แสงเดือน', 'ปะโสทานัง'),
('00270', 'ประภัสสร', 'พันธุ์เสถียร'),
('00272', 'พรกมล', 'ทุมมาตย์'),
('00273', 'ขวัญใจ', 'ประเสริฐสังข์'),
('00274', 'เด่นศักดิ์', 'ฉัตรสุวรรณ'),
('00277', 'วิธิชัย', 'รัตนทารส'),
('00279', 'บังอร', 'รัตนทารส'),
('00280', 'เกษร', 'คงตรง'),
('00284', 'มนิตา', 'ครุธจันทร์'),
('00285', 'เย็นจิต', 'ภูวะกง'),
('00287', 'วิจิตร', 'พลนามอินทร์'),
('00289', 'สาคร', 'สุพร'),
('00290', 'วิทยา', 'โพธิ์ศรี'),
('00291', 'สุพรรษา', 'พรหมวงษ์'),
('00293', 'สาริณี', 'พวงบุญชู'),
('00294', 'นันท์นภัส', 'ทนทาน'),
('00298', 'ทิพวัลย์', 'สิทธิพงษ์'),
('00300', 'วีระพงษ์', 'สายแก้ว'),
('00306', 'จินดา', 'ธัญญากุลวงศ์'),
('00309', 'เดชอดุลย์', 'พลหาญ'),
('00313', 'พฤกษ์', 'สุทธิสันต์ชาญชัย'),
('00319', 'กิติศักดิ์', 'ประดับเพ็ชร์'),
('00320', 'นพกุล', 'อ่างแก้ว'),
('00322', 'ณรงค์', 'ตันตระกูล'),
('00323', 'ณชพัฒน์', 'ธนาจิรเศรษฐ์'),
('00325', 'ทิพย์สุคล', 'กาหลง'),
('00334', 'แจ้ง', 'กอนินัย'),
('00336', 'สุนันทา', 'สมาคม'),
('00340', 'ลัดดา', 'ปั้นท่าหลวง'),
('00341', 'สุนทร', 'ทับทิมแดง'),
('00346', 'อัจฉราพร', 'แก่นหล่า'),
('00347', 'น้ำฝน', 'ผู้เจริญ'),
('00349', 'สุพัตรา', 'หอมสินธุ์'),
('00351', 'ณัฏฐ์ชญา', 'แซ่เฮ้ง'),
('00356', 'พัชราภรณ์', 'ภูอาจดั้น'),
('00358', 'จรรยา', 'โยตำแย'),
('00359', 'ประภาวัลย์', 'ศักดิ์สิงห์เดชา'),
('00361', 'เคลือมาศ', 'เกาะน้ำใส'),
('00363', 'อภิชัย', 'นิภาการุณวงศ์'),
('00364', 'โสภณ', 'อ่อนตะคุ'),
('00367', 'ชัยรัตน์', 'โพธิ์ชัย'),
('00368', 'พงษ์ศักดิ์', 'สีลาโคตร'),
('00372', 'สรศักดิ์', 'เพียซ้าย'),
('00373', 'อลงกต', 'ทองขยาย'),
('00374', 'สุริยันต์', 'กำดา'),
('00376', 'ศักดิ์ชัย', 'วรแสน'),
('00379', 'ประเสริฐ', 'ศรีบรรณพร'),
('00381', 'สมจิตร', 'นำระนะ'),
('00388', 'พัชรินทร์', 'วรแสน'),
('00391', 'มะลิ', 'ปัทถาพงษ์'),
('00393', 'พิทักษ์', 'พุทธวอร์'),
('00394', 'สายรุ้ง', 'แสนเขียว'),
('00395', 'พัชรินทร์', 'สมานราษฎร์'),
('00396', 'น้ำทิพย์ ', 'จันเทพ'),
('00397', 'มณีรัตน์', 'สังกะสี'),
('00402', 'กัลยา', 'ประเสริฐสวัสดิ์'),
('00404', 'มลธิชา', 'ตาริโก'),
('00405', 'ศุภโชค', 'ศรีศรวล'),
('00406', 'ระเบียบ ', 'โททำ'),
('00408', 'จินตนา', 'บุญฉิม'),
('00409', 'เขมิสรา', 'พรมโยธา'),
('00410', 'เกียรติศักดิ์', 'สอนสุข'),
('00412', 'ครรชิต', 'วิศัยพรม'),
('00414', 'พิไลรักษ์', 'ละมูล'),
('00415', 'เกศรา', 'กุลประยงค์'),
('00417', 'ดาวเรือง', 'แสงตรีสุ'),
('00421', 'อัญชลี', 'ถมคำ'),
('00422', 'มยุรา', 'ชาอิน'),
('00423', 'สุพจน์', 'สิงห์ทอง'),
('00431', 'ปราโมทย์', 'อ้อยรักษา'),
('00439', 'สมโภชน์', 'ยุทธการ'),
('00441', 'ทนัย', 'สีหิน'),
('00442', 'นัน', 'อยู่มั่น'),
('00445', 'เทอดศักดิ์', 'อินทร์แป้น'),
('00448', 'สมศรี', 'สาตรศิลป์'),
('00449', 'นิพัทธ์', 'ธิบูรณ์บุญ'),
('00453', 'กอบสุข', 'อินทโชติ'),
('00455', 'รัศมี', 'ประกิ่ง'),
('00457', 'พรศิริ', 'ตาต้อง'),
('00458', 'พณารัตน์', 'เขื่อนพงษ์'),
('00459', 'ธมลวรรณ', 'บาลลา'),
('00461', 'สุวรรณรัตน์', 'ดัชถุยาวัตร'),
('00462', 'ทิพวัลย์', 'ว่องเกียรติคุณ'),
('00464', 'ชัยยา', 'อินทะโสต'),
('00465', 'นิคม', 'สีแดง'),
('00468', 'ยุทธชัย', 'ทุมมานนท์'),
('00469', 'กรรณิการ์', 'บุญซ้อน'),
('00470', 'ศิริพร', 'โอปาก'),
('00471', 'ประภาส', 'อาจเสนา'),
('00472', 'สระใบทอง', 'เลาะหนะ'),
('00477', 'ศรายุทธ', 'ภู่ร้อย'),
('00478', 'สิริพันธ์', 'กันพงษ์'),
('00483', 'อุษณีย์', 'เพ็งแจ่ม'),
('00484', 'ประภาภรณ์', 'ปะกิคะ'),
('00485', 'ณัฐพล', 'คำหล่อ'),
('00487', 'ระเบียบ', 'แสงปัญญา'),
('00488', 'อุบล', 'แสงปัญญา'),
('00489', 'นิรุช', 'ชัยชุมพล'),
('00491', 'รจนา', 'นามโคตร'),
('00495', 'พิเชษฐ', 'อิ่มเสถียร'),
('00496', 'นันทนา', 'สอนโต'),
('00498', 'เนตรนภา', 'วรดี'),
('00499', 'สุรีพร', 'แก้วเนตร'),
('00503', 'กชพร', 'สุขประเสริฐ'),
('00506', 'พรกมล', 'ชิณจักร์'),
('00509', 'ชัยยุทธ', 'พิกุล'),
('00510', 'พงษ์ศักดิ์', 'ชนะน้อย'),
('00515', 'ศศิวรรณ', 'มุ่งดี'),
('00517', 'สุนีย์', 'มะโนศรี'),
('00520', 'ชนาภาธัญชนก', 'ธรรมนาม'),
('00530', 'กุหลาบ', 'วงษาเนาว์'),
('00531', 'กาญจนา', 'กลองชัย'),
('00536', 'เนตรนภา', 'นิลขันธ์'),
('00537', 'รุ่งนภา', 'แสวงสุข'),
('00538', 'ปราณี', 'สายผา'),
('00539', 'รุ้งนภา', 'อังคะสี'),
('00541', 'สุธา', 'ยาวิชัย'),
('00545', 'พินิตร', 'สีหลิ่ง'),
('00546', 'ภาณุมาศ', 'บุญประเสริฐ'),
('00547', 'มานิตย์', 'มังคละ'),
('00555', 'ไพวัลย์', 'สำโรงลุน'),
('00559', 'แววทิพย์', 'ชิตทอง'),
('00561', 'ธวัชชัย', 'อินต๊ะพันธ์'),
('00563', 'สุรศักดิ์', 'เปี่ยมปราณี'),
('00565', 'อนันต์', 'ศรีเลย'),
('00572', 'ธนพร', 'วิบูลย์ธัญญ์'),
('00578', 'วิยะมล', 'ตุละพิภาค'),
('00579', 'ภัทรจิดาภา', 'ทองนาค'),
('00582', 'นิพา', 'เมืองโคตร'),
('00585', 'สุรเดช', 'สะตะ'),
('00587', 'อริสา', 'วงศ์เลิศ'),
('00588', 'อัลญา', 'เงางาม'),
('00589', 'อรรชรา', 'ยุติธรรม'),
('00590', 'เดชฤทธิ์', 'ดอนจังหรีด'),
('00591', 'ชนันดา', 'กิริรัมย์'),
('00592', 'วันวิสา', 'มูลอามาตย์'),
('00595', 'รัศมี', 'สุวรรณชัยรบ'),
('00596', 'ปวริศา', 'พงษ์อ่วม'),
('00598', 'เกรียวลี', 'นิวงษา'),
('00600', 'ปราโมทย์', 'ยอดพรม'),
('00604', 'สกุลรัตน์', 'นวนแสง'),
('00609', 'สุมามาลย์', 'ศรีเทศ'),
('00610', 'ชนะชัย', 'จันทรังษี'),
('00612', 'แสงเดือน', 'อุปริมาตร์'),
('00613', 'เอกชัย', 'พรนิคม'),
('00614', 'จันทร์แรม', 'แซ่ลี้'),
('00619', 'สิวิมล', 'ศรีประจำ'),
('00626', 'ชัยรัตน์', 'ปลัดพรม'),
('00628', 'วีรชัย', 'อนุอัน'),
('00629', 'กฤษดา', 'แซ่ลี้'),
('00631', 'รสสุคนธ์', 'สายชาลี'),
('00632', 'ไพรวรรณ', 'พุ่มทอง'),
('00634', 'ทองม้วน', 'แก้วหน่อ'),
('00635', 'ณัฏฐนันท์', 'เหลืองอ่อน'),
('00639', 'พรประภา', 'มูลสวัสดิ์'),
('00641', 'จุฬาพร', 'หูตาชัย'),
('00646', 'จรรยา', 'ดาโสม'),
('00647', 'สุภาพันธ์', 'ศรีมาบุตร'),
('00649', 'สุพัฒตรา', 'งามศิริ'),
('00651', 'อุไร', 'ตองอ่อน'),
('00652', 'วิไลวรรณ', 'สอนโพธิ์'),
('00653', 'ฉวีวัฒน์', 'จันทร์ประเสริฐ'),
('00658', 'สมพร', 'ถิ่นคำบง'),
('00659', 'รัดดา', 'เคนกา'),
('00660', 'พัชรินทร์', 'ชื่นวิริยกุล'),
('00662', 'ฐิติยา', 'วุฒิตระการ'),
('00669', 'อาพร', 'ประยงค์พันธ์'),
('00670', 'กวินณา', 'พรไชยแก้ว'),
('00671', 'ชุติมา', 'เหมือนเดช'),
('00675', 'ศรีเมือง', 'มูลต้น'),
('00676', 'เชาวลิต', 'เบื้องบน'),
('00681', 'พิทักษ์', 'โสตา'),
('00682', 'มณีรัตน์', 'ประขันเพ็ชร'),
('00685', 'มานพ', 'ทิมฉิมพลี'),
('00690', 'จันทร์แรม', 'ยานกาย'),
('00691', 'เพชรรัตน์', 'แสงทอง'),
('00694', 'กัญญาพัชร', 'เพ็งสุวรรณ์'),
('00695', 'เพ็ญประภา', 'เสนนอก'),
('00699', 'สุภาพร', 'จันทมุด'),
('00700', 'ณิชาพร', 'แสงโคตร'),
('00701', 'จันทิมา', 'กองทุ่งมน'),
('00702', 'อำภาวรรณ', 'โล่ทอง'),
('00705', 'สุนิษา', 'แสนทอง'),
('00706', 'นันทพร', 'พงษ์ธนู'),
('00707', 'อารีรัตน์', 'สัปทน'),
('00708', 'พรวดี', 'ยอนรัมย์'),
('00709', 'สุธิมา', 'อยู่ม่วง'),
('00710', 'ศุภธิดา', 'บุญดี'),
('00711', 'ธัญวรินทร์', 'มหาทวีสินวรกุล'),
('00715', 'ณัฐนา', 'นามมงคุณ'),
('00717', 'สุทธิณี', 'มากชื่น'),
('00718', 'ระพิน', 'แววศรี'),
('00723', 'พยุงศักดิ์', 'อินทรกำแหง'),
('00724', 'สันติ', 'โพธิ์ไกร'),
('00726', 'ทรงชัย', 'เลิศลักษณะวงศ์'),
('00727', 'ยงยุทธ์', 'เวชวงค์'),
('00731', 'สราวุธ', 'สมกลาง'),
('00732', 'ชนะชัย', 'สังฆะมณี'),
('00735', 'สมชาย', 'สังข์ทอง'),
('00737', 'ชาญวิทย์', 'บุญศรี'),
('00738', 'วัชรชัย', 'เถาเมฆ'),
('00739', 'ธีรรัตน์', 'พรมสังข์'),
('00741', 'ประเทือง', 'นาดี'),
('00742', 'พงศ์ศิริ', 'เพ็งแจ่ม'),
('00745', 'สุชาติ', 'บดีรัฐ'),
('00746', 'ชายธง', 'พงษ์สะพัง'),
('00747', 'นคร', 'คนบุญ'),
('00752', 'ธีรวัฒน์', 'พรมจีน'),
('00754', 'อำนวย', 'โอปัน'),
('00755', 'กฤษณะ', 'ไชยพล'),
('00756', 'ดิลก', 'ภูดวงจิตร์'),
('00757', 'อินทรา', 'สีกันหา'),
('00760', 'สาวิตรี', 'นาประสิทธิ์'),
('00764', 'ศิริพร', 'เฟื่องย้อย'),
('00765', 'ประกายรัตน์', 'กาไธสง'),
('00767', 'กาญจนา', 'เงินนา'),
('00768', 'ประทุมทิพย์', 'จันทร์นวน'),
('00770', 'ณัฐวิภา ', 'นึกรัมย์'),
('00772', 'นิตยา', 'เพียซ้าย'),
('00774', 'พรทิพย์', 'แดงกูล'),
('00778', 'กัญญา', 'ดวงรัตน์'),
('00781', 'อัญชลี', 'กุลนอก'),
('00782', 'วราพร', 'เหตุเกษ'),
('00783', 'นิตยา', 'วังวิสัย'),
('00785', 'วรรณภร', 'กุลภาโภคนิษฐ์'),
('00791', 'วินัย', 'โพธิราช'),
('00798', 'บุญส่ง', 'ศรีสรณ์'),
('00800', 'เกษม', 'กังหัน'),
('00801', 'ภรัณยู', 'ใสสี'),
('00803', 'ฉัตรชัย', 'ดอนแก้ว'),
('00804', 'สดใส', 'โพธิ์ศรี'),
('00805', 'วุฒิพงษ์', 'นามมา'),
('00807', 'ณรงค์', 'แทนหอม'),
('00810', 'มนตรี', 'จันทวงศ์'),
('00811', 'ภาณุวัฒน์', 'พรมราช'),
('00812', 'ประเสริฐการ', 'ทางตรง'),
('00813', 'สุทธิตา', 'นพพลกรัง'),
('00816', 'มลทยา', 'คงศรี'),
('00817', 'ธงชัย', 'น้อยวงษ์'),
('00818', 'ประมวล', 'ขนทอง'),
('00819', 'ไพทูลย์', 'ชมบุญ'),
('00820', 'อัศดม', 'แก้วดำ'),
('00821', 'อนันต์', 'ทรัพย์พร้อม'),
('00822', 'ฤทธิเดช', 'วงศ์ถา'),
('00823', 'ไชยา', 'พรสุวรรณ'),
('00828', 'ขรรค์ชัย', 'คันทรุขา'),
('00830', 'สุขุม', 'บุญมาทน'),
('00833', 'ปิยะพงษ์', 'สุขสุวรรณ'),
('00835', 'ศิริลักษณ์', 'หมู่แก้ว'),
('00840', 'อัญธิชา', 'บุญหอม'),
('00841', 'ดอกใหม่', 'แสวงวงค์'),
('00842', 'ลำไพ', 'จำปาวัลย์'),
('00845', 'นฤมล', 'ทันใจแก้ว'),
('00846', 'วรรณณิศา', 'หอมสมบัติ'),
('00847', 'ดุจเดือน', 'พรมโสภา'),
('00849', 'นิรัตน์', 'พงษ์อนันต์'),
('00850', 'สาธิตา', 'อินทรุกขา'),
('00851', 'กรวรรณ', 'จุลดาลัย'),
('00852', 'กัลญานี', 'กองคำ'),
('00853', 'จักรพงษ์', 'พรมเพ็ญ'),
('00855', 'สุพัฒนา', 'สายจันทร์'),
('00857', 'ชัยพงษ์', 'จักรสาร'),
('00858', 'อาทิตย์', 'เครือสืบ'),
('00859', 'อดิศักดิ์', 'ใจดี'),
('00860', 'ณัฐดนัย', 'ตับไหว'),
('00862', 'ศุภชัย', 'กันยาสนธิ์'),
('00863', 'ไชยพจน์', 'มติยาภักดิ์'),
('00864', 'วีรศักดิ์', 'ปัดถานัง'),
('00865', 'วรพล', 'ลีทนทา'),
('00867', 'อนุสรณ์', 'พานสุวรรณ์'),
('00868', 'วีระพงษ์', 'กองเพชร'),
('00869', 'ชัยยงค์', 'ทัดศรี'),
('00872', 'ภาคย์ภูมิ', 'ศิรกุลธร'),
('00873', 'สมัย', 'ศรีเลิศ'),
('00874', 'วชิระ', 'บุญรักษา'),
('00878', 'นงรักษ์', 'ชาวเกวียน'),
('00879', 'สุประสรณ์', 'ผุดผาย'),
('00880', 'นุจรินทร์', 'สิงห์ขาว'),
('00881', 'ธัญชนก', 'พินิจมนตรี'),
('00882', 'บุศรินทร์', 'เหี้ยทา'),
('00883', 'วาลิกา', 'พ่อขันชาย'),
('00885', 'ธิติมา', 'บุญสวัสดิ์'),
('00888', 'วารีรัตน์', 'มาลัยหอม'),
('00890', 'วรรณิตา', 'วิชนา'),
('00891', 'วรรณิกา', 'สังข์ทอง'),
('00896', 'สุกานดา', 'คามวุฒิ'),
('00897', 'พัชราภรณ์', 'พรหมบุตร'),
('00901', 'วรัญญา', 'สีสมบัติ'),
('00909', 'ขวัญฤดี', 'ยาหอม'),
('00913', 'สายฝน', 'อ่อนโพธิธา'),
('00914', 'สุมลรัตน์', 'จิตรพล'),
('00915', 'ศริญญา', 'อินรีย์'),
('00921', 'ธนพร', 'เจริญศิริ'),
('00922', 'ดารา', 'แสนเสนยา'),
('00925', 'เดชา', 'แจ่มเพชร'),
('00927', 'พอเจตน์', 'สิงห์ด่านจาก'),
('00930', 'ปรีชา', 'ทัศนิยม'),
('00931', 'เข้มธิวา', 'โลวะจันทร์'),
('00936', 'วิระญา', 'แสงอ่อน'),
('00939', 'กุลธรี', 'แก้วมาพะเนา'),
('00942', 'สุพัตรา', 'หาญอาษา'),
('00946', 'พวงผกา', 'หมื่นบุญมี'),
('00947', 'บุษบา', 'จำเริญมี'),
('00948', 'พีรพร', 'บัวสระ'),
('00949', 'บุณย์พัชรี', 'หอมจันทร์'),
('00950', 'กนกกาญจน์', 'ลาแก้ว'),
('00958', 'จันทรา', 'ศรีหาจันทร์'),
('00959', 'หทัยทิพย์', 'ปันปา'),
('00961', 'จินตหรา', 'ฤกษ์ศรี'),
('00965', 'ปิยะพร', 'เทียบมาก'),
('00966', 'อรพรรณ', 'พานสุวรรณ์'),
('00967', 'รุ่งฤดี', 'บุญเมือง'),
('00968', 'สุพรรษา', 'นุ่มคง'),
('00971', 'พลอยณิศา', 'ประหยัดมณี'),
('00973', 'แววมณี', 'แก้วใหญ่'),
('00975', 'ปฏิมาภรณ์', 'อนงค์ชัย'),
('00976', 'ชัชกร', 'สมแก้ว'),
('00978', 'นุ่มนวล', 'จันเลศ'),
('00981', 'นัณภัทร', 'วงษ์พันธุ์เสือ'),
('00982', 'สุมาลี', 'สีลาเดช'),
('00983', 'ประพิศ', 'นามภักดี'),
('00986', 'วิทยาสันต์', 'ขันธวิชัย'),
('00987', 'บรรลุ', 'เคนกา'),
('00988', 'ไพบูลย์', 'บุญจันทร์'),
('00990', 'ทักษิณ', 'สอนโพธิ์'),
('00993', 'กานต์ชนก', 'แกล้ววาที'),
('00994', 'เสกสรร', 'พึ่งพา'),
('00997', 'นิลุบล', 'ชูสวัสดิ์'),
('00999', 'วิเชียร', 'เต็งศรี'),
('01002', 'ไพทูลย์', 'ยืนยงกุลวุฒิ'),
('01010', 'วุฒิชัย', 'ประมูลศรี'),
('01013', 'พิพัฒน์', 'จุฬมุสิก'),
('01016', 'ยุทธพงษ์', 'อาสานอก'),
('01024', 'นงคราญ', 'แก้วคำมี'),
('01025', 'นิตติยา', 'ชินรัมย์'),
('01026', 'อุดมลักษณ์', 'แสงวะนาค'),
('01027', 'สนธยา', 'ดวงพรมมา'),
('01029', 'วิลัยพร', 'ทับบุญ'),
('01031', 'อ้อมจิต', 'จันทะลุน'),
('01032', 'เรไร', 'โกรัมย์'),
('01034', 'จริยาภร', 'สีล่า'),
('01035', 'รุ่งณภา', 'สมอหอม'),
('01038', 'จันทร์แดง', 'บริบูรณ์'),
('01039', 'พรรณี', 'เวียงอินทร์'),
('01041', 'เพ็ญจิต', 'สิงห์ขาม'),
('01042', 'กรกัญญา', 'ด้วงมาลา'),
('01045', 'นันท์นภัส', 'สุทธิผลไพศาล'),
('01046', 'นิญากร', 'ศิริญาณ'),
('01047', 'พัชรินทร์', 'รัตนา'),
('01048', 'นุชจิรา', 'ศรีจุลโพธิ์'),
('01050', 'ภาณุมาส', 'ทับคง'),
('01051', 'ศิริพร', 'มะโดดพัง'),
('01052', 'พิศมัย', 'ศรีพิกุล'),
('01053', 'อัญชนา', 'สุทธิ'),
('01056', 'เลิศฤทธิ์', 'แตรสวัสดิ์'),
('01057', 'วาสนา', 'จิตครบุรี'),
('01060', 'ลัจนัย', 'วิเศษพันธุ์'),
('01062', 'ดวงดาว', 'กองทรัพย์เจริญ'),
('01063', 'มยุรี', 'ภูพานไร่'),
('01064', 'รัตน์ลภัสร์', 'บุษราคัมศรี'),
('01066', 'ปภัทราภรณ์', 'ระหงษ์ทอง'),
('01069', 'ชลวิทย์', 'ชมาฤกษ์'),
('01072', 'ทวิท', 'แสนดี'),
('01073', 'วราวุธ', 'วงษ์ซ้าย'),
('01074', 'ธนากร', 'สมิทธ์ธนบูรณ์'),
('01078', 'อนุชิต', 'เทียงเดช'),
('01082', 'ธวัชชัย', 'เหลืองงาม'),
('01083', 'จุฬารัตน์', 'ลิมป์สุทธิพงศ์'),
('01086', 'พิศจิกา', 'งามประเสริฐ'),
('01090', 'วัฒนา', 'มนูบุตร'),
('01093', 'สมภพ', 'ห่านคำวงษ์'),
('01094', 'อัครพล', 'จันทร์เรืองศรี'),
('01097', 'รพีพงษ์', 'สิงห์ลอ'),
('01098', 'ศุภวัฒน์', 'สาราษฎร์'),
('01103', 'วสันติ', 'อินทร์ชัยศรี'),
('01105', 'ชัยรัตน์', 'หะรันดา'),
('01106', 'วลีรัตน์', 'มะโนภัย'),
('01109', 'สุรีรัตน์', 'วงค์วัน'),
('01110', 'สุภาพร', 'มั่นวงค์'),
('01112', 'สุพัฒตรา', 'อุปชัย'),
('01113', 'ศิริพร', 'โอชารส'),
('01115', 'น้ำฝน', 'กระฐินเทศ'),
('01116', 'โชติกา', 'สมสมัย'),
('01117', 'วัชรินทร์', 'ผักไหม'),
('01119', 'วิราพร', 'วิชัยโย'),
('01121', 'สุดารัตน์', 'ไตยมูล'),
('01122', 'กิจติณัฏ', 'พิศาลชัยศิริ'),
('01124', 'ประวิง', 'อารี'),
('01125', 'ภัคขจี', 'สมานทอง'),
('01129', 'จิราวรรณ', 'การสว่าง'),
('01132', 'ทิพปภา', 'จ่าพิชม'),
('01133', 'เบญจวรรณ', 'จันสุตะ'),
('01135', 'สำราญ', 'ทองดุน'),
('01137', 'บานชื่น', 'บุรมย์'),
('01139', 'วันวิสา', 'กองโฮม'),
('01140', 'พลับพลึง', 'รอดกลาง'),
('01142', 'ทิพย์วรรณ', 'ทองมี'),
('01143', 'กิ่งแก้ว', 'ศรแก้ว'),
('01144', 'สีไพ', 'พรมอ่อน'),
('01147', 'เพ็ญศรี', 'คำวงษ์ษา'),
('01148', 'นลินี', 'เคหา'),
('01150', 'พรทิพย์พา', 'บุญมีสง่า'),
('01152', 'อาภาพร', 'คืนดี'),
('01154', 'สุกานดา', 'สัจจะมณี'),
('01161', 'ศุภวรรณ', 'เพชรสิงห์'),
('01164', 'สิทธิรัชต์', 'พิวิชัย'),
('01166', 'มานพ', 'บุปัสสา'),
('01169', 'พรชัย', 'ศรเพชร'),
('01170', 'คมสันต์', 'คำสุข'),
('01171', 'มนตรี', 'ตุ่มใสย์'),
('01174', 'นิวัฒน์', 'ราชนาคา'),
('01177', 'กฤษณา', 'พานสายตา'),
('01181', 'ขนิษฐา', 'หับเผย'),
('01182', 'กุณชลี', 'พิมพ์ตา'),
('01184', 'จิราภรณ์', 'ทุมวงค์'),
('01185', 'เกสราภร', 'มะบุญ'),
('01186', 'อุไรรัตน์', 'เจริญใจ'),
('01187', 'วัชรา', 'ภูมิไพร'),
('01188', 'ขนิษฐา', 'ถนอมกูล'),
('01189', 'กัลยกร', 'สายแก้ว'),
('01190', 'นารีรัตน์', 'เฟื่องขจร'),
('01191', 'นวลจันทร์', 'สอนสุข'),
('01192', 'นิตยา', 'ทรงสังข์'),
('01195', 'วรรณศิริ', 'จดแตง'),
('01196', 'วนิดา', 'มนูบุตร'),
('01197', 'สุกัญญา', 'สวัสดี'),
('01199', 'จรรยา', 'พงษ์ธานี'),
('01200', 'ทิพวรรณ', 'สิงจอน'),
('01202', 'พัชรี', 'แสนสุรินทร์'),
('01203', 'สุวรรณา', 'พิณพงษ์'),
('01204', 'จีระพา', 'สุพะศรี'),
('01205', 'มยุรี', 'เตโช'),
('01210', 'เย็นฤดี', 'พิวิชัย'),
('01213', 'นิต้า', 'อานุไทย'),
('01214', 'ปาริฉัตร', 'ทิ่งเทพ'),
('01216', 'อาธิดา', 'เก้าสูงเนิน'),
('01218', 'สุนีพร', 'ขมโคกกรวด'),
('01220', 'วิไลพร', 'เนตรวงศ์'),
('01221', 'สุพรรณี', 'คุณนาม'),
('01222', 'นิพันธุ์', 'อุ่นไชย'),
('01223', 'รัชดา', 'สุปิงปรัส'),
('01226', 'เฌอมาลย์', 'แป้นเหมือน'),
('01227', 'สุวรรณี', 'ใจงาม'),
('01228', 'ฐิติรัตน์', 'ประยูรวรกุล'),
('01229', 'เอกรัตน์', 'ทองหล่อ'),
('01231', 'จันทิมา', 'แสงจันทร์'),
('01232', 'พรวิมล', 'ตวงใจ'),
('01240', 'จเร', 'แสนเขียว'),
('01241', 'ประเสริฐ', 'วงษาหล้า'),
('01244', 'ชาญณรงค์', 'สอนโต'),
('01248', 'มนตรี', 'พิมพ์แมน'),
('01249', 'มนตรี', 'พึ่งพุทธิกานต์'),
('01250', 'ฉัตรชัย', 'พรมเมือง'),
('01251', 'วินัย', 'รัตนพิมพ์'),
('01252', 'ราชันย์', 'ไกลบาป'),
('01253', 'ณัฏฐพล', 'นามวงษา'),
('01260', 'รัศมี', 'ห่านคำวงษ์'),
('01265', 'เบญญาภา', 'สริมอรุณ'),
('01267', 'สุจิตตา', 'ขอนนอก'),
('01268', 'ณัฐธิดา', 'พิมพ์เก่า'),
('01270', 'มาลัย', 'อโนดาษ'),
('01273', 'อัมพร', 'ศรีชัยภูมิ'),
('01275', 'พวงผกา', 'วงษ์อามาตย์'),
('01279', 'ลัดดาวัน', 'เพียวงค์'),
('01282', 'ศิริวรรณ', 'กองศิริ'),
('01285', 'ธาราภรณ์', 'ครุฑสุวรรณ'),
('01288', 'นันทวัน', 'จั่นเพ็ชร์'),
('01290', 'พูชิต', 'ศรีสังเวช'),
('01292', 'วีรวัฒน์', 'ขาวรัมย์'),
('01293', 'วรเวทย์', 'ศรีสวัสดิ์'),
('01296', 'นรภัทร', 'กลิ่นเนียม'),
('01302', 'ศิษฎ์', 'จรุงวรรณรัตน์'),
('01303', 'สาโรจน์', 'พัชรสิริกุลชัย'),
('01304', 'ธีรชาติ', 'คำศรี'),
('01305', 'อภิชาติ', 'สมไทย'),
('01307', 'ชลทิชา', 'พุ่มยิ้ม'),
('01308', 'ชมพูนุท', 'สิทธิถาวร'),
('01309', 'สุดา', 'เยาวเสริฐ'),
('01310', 'วัชรินทร์ภรณ์', 'ฉายสถิตย์'),
('01311', 'จิราภรณ์', 'ทองผง'),
('01315', 'ประกายแก้ว', 'รักษาวงค์'),
('01317', 'เบญจวรรณ', 'ศรีพา'),
('01318', 'รุ่งนภา', 'ภาคภูมิ'),
('01324', 'สมพิศ', 'ภักดีราช'),
('01326', 'อมรรัตน์', 'พรมอินทร์'),
('01329', 'วิทยา', 'คุตมาสูนย์'),
('01333', 'ชาญชัย', 'บรรลือ'),
('01339', 'ชัชชัย', 'เกษามา'),
('01341', 'ทวีสิทธิ์', 'จันทผอง'),
('01344', 'ภูวนาถ', 'มาตยาขัน'),
('01345', 'สุเมธ', 'สำโรงลุน'),
('01349', 'วไลพร', 'บุญศรี'),
('01351', 'พรรณทิภา', 'วงษา'),
('01354', 'ชนิดา', 'เถื่อนสันเทียะ'),
('01355', 'นิภาภรณ์', 'หวยกระโทก'),
('01358', 'สุปราณี', 'เกื้อปัญญา'),
('01360', 'พรนิยม', 'วันยาว'),
('01362', 'สุทิศา', 'สุทธสังข์'),
('01364', 'อานนท์', 'อุบลวรรณศักดิ์'),
('01366', 'อำนาจ', 'ตอนสุข'),
('01371', 'ธนบัตร', 'ศรีศักดิ์นอก'),
('01373', 'ฤชากร', 'เนตรแสงศรี'),
('01375', 'ธนสิทธิ์', 'ศิลปชัย'),
('01376', 'สมปอง', 'ขุนเที่ยง'),
('01377', 'สำราญศักดิ์', 'ศรีน้ำอ้อม'),
('01378', 'ชัชชัย', 'เนื่องจำนงค์'),
('01381', 'นิติรัชต์', 'จุลม่วง'),
('01382', 'วัชรพงษ์', 'สุริโย'),
('01383', 'ไพฑูรย์', 'ถาเย็นญวน'),
('01384', 'สุดธิดา', 'หอมกลิ่น'),
('01387', 'จิราวรรณ', 'โพธิ์ทุ่ง'),
('01390', 'พิมพ์ใจ', 'บับภาเอก'),
('01392', 'ปริศนา', 'นาดี'),
('01395', 'กัลยา', 'ผาแดง'),
('01398', 'กัญจน์อมล', 'อ่องประเสริฐ'),
('01403', 'จุฬารัตน์', 'สีหลิ่ง'),
('01405', 'พัทธนันท์', 'ศิริกันรัตน์'),
('01406', 'มยุรา', 'ศรีสร้อย'),
('01409', 'มลฤดี', 'บุญสุข'),
('01410', 'กุหลาบ', 'พันเหนียว'),
('01412', 'เกษร', 'หอกคำ'),
('01416', 'นิภา', 'โชติราษี'),
('01418', 'ลภาพรรณ', 'สุทธิมา'),
('01421', 'ศิริญา', 'ผินสันเทียะ'),
('01426', 'สุพัตรา', 'เจือประทุม'),
('01427', 'ทองเพชร', 'วงษ์วาล'),
('01428', 'สุพัตรา', 'พรสวัสดิ์'),
('01429', 'วันนุ', 'วังคีรี'),
('01430', 'จินตนา', 'จักรสาร'),
('01432', 'สุทัศนา', 'สนิทกูล'),
('01439', 'วิฑูรย์', 'พรมราช'),
('01442', 'พิชยกรณ์', 'บัวแก้ว'),
('01446', 'จ๊อต', 'แรกเรียง'),
('01450', 'กฤษณะ', 'เกษมสุข'),
('01453', 'สมมิตร์', 'ประกิ่ง'),
('01455', 'อภิวัฒน์', 'หงษ์คำ'),
('01456', 'อำพร', 'แสงอุ่น'),
('01457', 'วิฑูรย์', 'แสนนาม'),
('01460', 'รชต', 'ยศคันโท'),
('01461', 'คมสัญ', 'โยหาเคน'),
('01463', 'ประวัติ', 'พรหมบุตร'),
('01466', 'เบญจพล', 'บดีรัฐ'),
('01470', 'สุพัตรา', 'บุตรสีภูมิ'),
('01471', 'สุภารัตน์', 'ชนไธสง'),
('01472', 'กัลยา', 'แก้วคร'),
('01475', 'รุ่งอรุณ', 'เนื่องชมภู'),
('01479', 'ชนะชัย', 'โพธิ์สุด'),
('01482', 'เชิดชัย', 'กิริรัมย์'),
('01486', 'สุวิทย์', 'วรรณพราหมณ์'),
('01487', 'ประคอง', 'ปูสาเดช'),
('01490', 'พงษ์ศักดิ์', 'ธานี'),
('01491', 'ฉัตรชัย', 'คำคง'),
('01495', 'สุนิตร', 'เทียมสงวน'),
('01498', 'ประมวล', 'บัวกอ'),
('01500', 'มานะ', 'ดาโสม'),
('01501', 'แสวง', 'สมวงค์'),
('01502', 'ชัยรัตน์', 'ไชยดี'),
('01503', 'ชานนท์', 'เกรียรัมย์'),
('01505', 'วิโรจน์', 'โรจน์จิรกร'),
('01510', 'นวลศิริ', 'นาจาน'),
('01514', 'วิราวรรณ', 'วงษ์จันทร์'),
('01515', 'ณัฐภัสสร', 'วัดสิงห์'),
('01516', 'สุนิสา', 'แสงสว่าง'),
('01517', 'เมษา', 'สายต่างใจ'),
('01518', 'พิตรานรี', 'แวงวรรณ'),
('01519', 'ปุณยนุช', 'เรียงเพชร'),
('01520', 'วริศรา', 'เอี่ยมกุล'),
('01521', 'วันนิศา', 'ธนะกิจ'),
('01522', 'นัดฎาภรณ์', 'จ่าราช'),
('01527', 'จิระวัลย์', 'จินดาศรี'),
('01528', 'เพ็ชรัตน์', 'นาคสุข'),
('01529', 'นิธิวดี', 'เจือจันทร์'),
('01532', 'อาภรณ์', 'กองทอง'),
('01533', 'รัสมี', 'เกรียรัมย์'),
('01535', 'วรรณา', 'เบ็ญมาศ'),
('01536', 'นารินทร', 'เหมทอง'),
('01539', 'วรรนาพร', 'หอมกลาง'),
('01541', 'กิตติกา', 'อาจหาญ'),
('01542', 'ศิริพรรณ', 'พรงาม'),
('01544', 'อรพิน', 'มงคลเสริม'),
('01547', 'จิราภรณ์', 'ภูมิบุญ'),
('01549', 'ดวงตา', 'สิงห์ซอม'),
('01550', 'ศิริอรุณ', 'บุญจันทร์'),
('01552', 'บุญญาพร', 'จิบจันทร์'),
('01554', 'พรศักดิ์', 'มาลา'),
('01555', 'สังเวียน', 'นามวงษ์'),
('01557', 'ธเนตร', 'พวงนิล'),
('01558', 'อานนท์', 'ศรีเทพ'),
('01563', 'ปิยพงษ์', 'เจริญ'),
('01564', 'ธณัชนันท์', 'สืบสม'),
('01566', 'รุ่งนภา', 'ยืนชนม์'),
('01568', 'เพลินตา', 'จันทเวช'),
('01571', 'จุรีรัตน์', 'พรมแสน'),
('01573', 'วีรนุช', 'จำปา'),
('01576', 'ณัฐยาณ์', 'มะโนชัย'),
('01577', 'เขมิสรา', 'แฉ่งคร้าม'),
('01578', 'นงนภัส', 'ยุติธรรม'),
('01580', 'เพ็ญวิภา', 'แป้นทอง'),
('01581', 'จุฑาธิป', 'ทองมาก'),
('01582', 'ธัญญลักษณ์', 'คิดถี่'),
('01584', 'สุนันท์', 'สอนแสง'),
('01585', 'สกาวเดือน', 'สาแก้ว'),
('01587', 'กรภัทร์', 'อินแก้ว'),
('01588', 'ยุวดี', 'พึ่งภิญโญ'),
('01589', 'โชคชัย', 'ฉ่ำฉิมพลี'),
('01592', 'คมสันต์', 'ยุติธรรม'),
('01593', 'บุญชิด', 'หินกอง'),
('01595', 'พิกุล', 'ศรีเพ็ชร'),
('01601', 'พิศมัย', 'กูดจันทึก'),
('01605', 'วิสา', 'สร้างนานอก'),
('01606', 'นุสรา', 'เขียวอ่อน'),
('01608', 'มลัยพร', 'นามบุตร'),
('01609', 'รุจิลาภา', 'ใจเชยชม'),
('01610', 'น้ำทิพย์', 'เชี่ยวธัญกร'),
('01611', 'สุภาพร', 'บัวพวงชน'),
('01614', 'สายทอง', 'สียา'),
('01615', 'อรุณรัตน์', 'ปัทวงค์'),
('01618', 'ปลิกา', 'แก้วเขียว'),
('01620', 'สุริวัลย์', 'ดุมชัยภูมิ'),
('01625', 'ทิพวรรณ', 'นาโควงค์'),
('01626', 'ศันสนีย์', 'บำรุงเชื้อ'),
('01628', 'รุ่งอรุณ', 'เชื้อเชิง'),
('01633', 'นันธิยา', 'โพทรง'),
('01635', 'กาญจนา', 'จริยาเมธา'),
('01637', 'จุฬาลักษณ์', 'ชุมสิงห์'),
('01638', 'วิไลลักษณ์', 'ยวงลำใย'),
('01639', 'จีรพร', 'ศรีสุข'),
('01641', 'สุรีรัตน์', 'แกว่นพนัส'),
('01646', 'มัตธนา', 'คำภีระ'),
('01649', 'ชนิดาภา', 'ทีสุกะ'),
('01650', 'อมรรัตน์', 'รักธรรม'),
('01651', 'ปวันรัตน์', 'บุญยัง'),
('01652', 'กาญจนา', 'บุญหว่าน'),
('01654', 'พจนีย์', 'วิเศษโวหาร'),
('01657', 'สาวิตรี', 'มาศิริ'),
('01665', 'ชัยณรงค์', 'นิยม'),
('01667', 'นฤมล', 'ประกอบแสง'),
('01670', 'สุดาทิพย์', 'มังคละวงศ์'),
('01671', 'นพดล', 'ส่งเสริม'),
('01672', 'เอกรักษณ์', 'ฤกษ์อุไร'),
('01673', 'มนตรี', 'รามเวทย์'),
('01674', 'เฉลิมพร', 'จรันรัก'),
('01675', 'กัญหา', 'วิเศษทอง'),
('01676', 'มณฑาทิพย์', 'พรมไชยา'),
('01677', 'อัมรา', 'จันทร์อ่อน'),
('01679', 'เกศแก้ว', 'ศิริรัตน์สถาพร'),
('01682', 'น้ำฝน', 'จ่ามีเคน'),
('01683', 'วิลัยพร', 'คล่องใจ'),
('01685', 'รจนา', 'ชาลี'),
('01687', 'นิตยา', 'ขัดแก้ว'),
('01689', 'สุปรานี', 'อาปะมาเถ'),
('01690', 'พรรชลี', 'สุวรรณสนธิ์'),
('01696', 'หนูพิศ', 'ชารีโย'),
('01697', 'จณิสตา', 'เข็มทอง'),
('01699', 'ภัทรวดี', 'คำสวน'),
('01702', 'ยุพาภรณ์', 'เชื้อสาวะถี'),
('01705', 'ขวัญนภา', 'รัตนทองคง'),
('01707', 'วลาลักษณ์', 'บุญเย็น'),
('01709', 'ชลธิชา', 'รักษ์วนาภูมิ'),
('01710', 'นริศรา', 'เศรษฐา'),
('01711', 'ณิรดา', 'นามแสน'),
('01713', 'รุ้งตะวัน', 'วิทยานุกูล'),
('01714', 'ณปภา', 'ศิริหนองหว้า'),
('01717', 'ภูษนิศา', 'สุทธิประภา'),
('01718', 'นันท์ธพรรณ์', 'ภูสำเภา'),
('01719', 'ธีรนาฏ', 'ปะทาเส'),
('01720', 'สุภาพร', 'หงษ์กง'),
('01725', 'จิราพร', 'ประยูรศักดิ์'),
('01727', 'เอกลักษณ์', 'จันทบุตร'),
('01728', 'ประนอม', 'สุขน้อย'),
('01729', 'พัฒนชัย', 'แสงอุ่น'),
('01730', 'นัฐพงษ์', 'หกขุนทด'),
('01731', 'กุสุมา', 'จ่ามีเคน'),
('01732', 'อมรรัตน์', 'เชาว์น้อย'),
('01733', 'สุพิชญา', 'มลใสกุล'),
('01735', 'ธนพร', 'พรมจินดา'),
('01736', 'สุมาลี', 'รุ่งแสง'),
('01737', 'พิศมัย', 'โพธิ์งาม'),
('01739', 'อำภา', 'ปิ่นสันเทียะ'),
('01740', 'เรไร', 'ราชนาคา'),
('01746', 'รุ่งรัตน์', 'จันทะวัน'),
('01747', 'ทองอุไร', 'ประถมบุตร'),
('01748', 'เพชรรัตน์', 'หูกำปัง'),
('01750', 'ศิริรัตน์', 'หาญเชิงชัย'),
('01751', 'สิรภัค', 'บัวทอง'),
('01752', 'สาวิตรี', 'อินทร์ตา'),
('01754', 'นวลฉวี', 'ซึ่งสมพัฒน์'),
('01755', 'สุดารัตน์', 'จุฬมุสิก'),
('01759', 'วันเพ็ญ', 'ตินทอง'),
('01760', 'มะลิวัลย์', 'นิลรัตน์'),
('01761', 'สุวิมล', 'พูลเกษม'),
('01762', 'สุจิตร์', 'จำนิล'),
('01764', 'ปราณี', 'เกาประโคน'),
('01765', 'อุษา', 'จันทร์โทน'),
('01767', 'สุนันทา', 'ขวาขันธ์'),
('01771', 'จรัสศรี', 'ชนะมาร'),
('01773', 'อนันรัตน์', 'ตาสว่าง'),
('01774', 'อรณภา', 'ค้ำจุน'),
('01776', 'รัตนา', 'ดาศรี'),
('01778', 'น้ำผึ้ง', 'คำสัตย์'),
('01780', 'รุ่งนภา', 'สีทาอุ้ย'),
('01782', 'ญาณี', 'คำพอง'),
('01783', 'ธมลวรรณ', 'บุญทอง'),
('01785', 'บุญสูง', 'ตาต้อง'),
('01786', 'จักราวุฒิ', 'ปานเพชร'),
('01792', 'สุนันท์นภัส', 'ก่อเกิด'),
('01794', 'วิรุจน์', 'จันทมุด'),
('01796', 'เกรียงศักดิ์', 'นิลรัตน์'),
('01797', 'รัตนา', 'แก้วนิวงศ์'),
('01799', 'รจนี', 'แสงลา'),
('01800', 'สุภาภรณ์', 'อาจวิชัย'),
('01802', 'สุวรรณา', 'เพ็ชภักดี'),
('01803', 'ลัดดาวัลย์', 'สิงห์เสริมวงษ์'),
('01804', 'นภาพัฒน์', 'อุปชัย'),
('01806', 'ละอองดาว', 'ศรียันต์'),
('01808', 'จิดาภา', 'เทียมไธสง'),
('01809', 'วันเพ็ญ', 'อุปละ'),
('01810', 'ณิชาวีร์', 'วงศรี'),
('01811', 'อัญชิตา', 'แพงเนตร'),
('01817', 'ศิรัญญา', 'ลำแก้ว'),
('01818', 'สุพรรษา', 'ทรงพุฒิ'),
('01819', 'อรุณลักษณ์', 'ห้วยหงษ์ทอง'),
('01820', 'อุมา', 'แสนผาบ'),
('01821', 'จริยา', 'นะเอ้ย'),
('01822', 'สมใจ', 'อะรัญ'),
('01823', 'อัญชลี', 'ชาติวิเศษ'),
('01824', 'สุภาวดี', 'ปัตตาทานัง'),
('01827', 'วิภาวรรณ', 'ลวดทรง'),
('01828', 'สมจิตร', 'หมอนไหม'),
('01832', 'ณัฎฐ์กฤตา', 'จันเกิ้น'),
('01833', 'จันทร์ทิพย์', 'สอาด'),
('01834', 'สุวรรณลี', 'ทาหอม'),
('01835', 'วรรณนา', 'ภารแผ้ว'),
('01837', 'พรทิวาห์', 'โลวะจันทร์'),
('01839', 'วรรณภา', 'แซ่อึ้ง'),
('01840', 'บัวลา', 'ชิมเสน'),
('01841', 'จีระศักดิ์', 'พิมโสดา'),
('01842', 'วิรัตน์', 'ชิมเสน'),
('01843', 'อาทิตย์', 'สาระคำ'),
('01847', 'อณัฐ', 'ผึ่งมุก'),
('01848', 'พรชัย', 'เก้าสูงเนิน'),
('01850', 'ชิราวัฒน์', 'อุ่นพิมพ์'),
('01855', 'วัฒนา', 'ฉายาวรรณ์'),
('01856', 'สุพรรณ', 'บิลทะศรี'),
('01858', 'ถวัลย์', 'บุตรศรี'),
('01859', 'ไพวรรณ', 'เหมาะสม'),
('01861', 'ณัฐพงษ์', 'ชนิวงศ์'),
('01863', 'วารินทร์', 'แถลงจิตร'),
('01865', 'ศุภชัย', 'ผาสิน'),
('01866', 'ณัฐวุฒิ', 'มุขธรรม'),
('01868', 'สุมิตร', 'งามศรี'),
('01869', 'สุริยา', 'ต้นคำ'),
('01872', 'จรัสศรี', 'บุญสวัสดิ์'),
('01873', 'วลัยภรณ์', 'ดาลาด'),
('01874', 'พัชรี', 'แถลงจิตต์'),
('01875', 'กมลพัชร', 'พงค์ญาติ'),
('01877', 'ชนัญธิดา', 'ผลจันทร์'),
('01878', 'จามจุรี', 'จรัญศรี'),
('01879', 'ชญานี', 'ดีแสน'),
('01881', 'จินตนา', 'สายชาลี'),
('01882', 'น้อมจิตร', 'ชื่นภิรมย์'),
('01883', 'มณีวรรณ', 'จันทร์แก้ว'),
('01886', 'วรรณภา', 'ดาราคำ'),
('01887', 'วรสา', 'วันหนา'),
('01888', 'จันทิวรรณ', 'จันทรส'),
('01890', 'สายสมร', 'ศรีพิกุล'),
('01891', 'ผกามาศ', 'จันดารัตน์'),
('01893', 'ชวัลรัตน์', 'มีวงศ์'),
('01895', 'ประภาวินี', 'ทาทองคำ'),
('01896', 'นวลจันทร์', 'จำนงค์ลักษณ์'),
('01897', 'จารุณี', 'เชื้อโชติ'),
('01898', 'อุไร', 'แสนทวีสุข'),
('01901', 'ณัฐรวะดี', 'สาขา'),
('01902', 'จันทร์เพ็ญ', 'พิกุล'),
('01903', 'สุรีรัตน์', 'บุญสุข'),
('01905', 'วรรณภา', 'รักมั่น'),
('01906', 'ปราณี', 'เนตรวงศ์'),
('01909', 'บัณพร', 'ทองผา'),
('01910', 'ปิยวัลย์', 'แก้วปุ่ม'),
('01920', 'พรทิวา', 'ปานแก้ว'),
('01921', 'สุลักษณ์', 'มีแก้ว'),
('01927', 'ธนกร', 'อักษรกิ่ง'),
('01930', 'ชัยวัช', 'บุญทศ'),
('01933', 'ประวัตร', 'โพธิ์เงิน'),
('01934', 'สมพบ', 'อินทร์ตา'),
('01936', 'มนตรี', 'ทองเปลว'),
('01939', 'อนุชิต', 'นามวงษา'),
('01941', 'บดินทร์', 'ดิษฐล้อม'),
('01943', 'มีชัย', 'ธีคะโคตร'),
('01944', 'สนใจ', 'จอดนอก'),
('01947', 'จักกรี', 'สีสันต์'),
('01948', 'ภานุมาศ', 'ขวาขันธ์'),
('01954', 'ณรงค์', 'ภูผิวฟ้า'),
('01956', 'เกศกนก', 'พูลสวัสดิ์'),
('01958', 'ณัฐพงษ์', 'ไกรรักษ์'),
('01961', 'น้ำผึ้ง', 'รามเวทย์'),
('01963', 'สมยศ', 'วงศ์ภิโล'),
('01964', 'พิเชษฐ', 'กลัดแก้ว'),
('01965', 'จเร', 'ทรัพย์ภู่'),
('01966', 'วัชรินทร์', 'มงคลเสริม'),
('01970', 'กลิ่นนภา', 'ปานเกิด'),
('01971', 'จุฑามาศ', 'พรมมา'),
('01972', 'จรินพร', 'ผลพระ'),
('01973', 'ปทุมพร', 'ทรัพย์ภู่'),
('01976', 'วาสนา', 'เพชรทอง'),
('01978', 'กรวรรณ', 'สีหลิ่ง'),
('01979', 'ดวงฤทัย', 'บุญทศ'),
('01982', 'ปวีณา', 'บุญเต็ม'),
('01983', 'อัมรินทร์', 'นาคูณ'),
('01984', 'วณิตา', 'ม่วงอ่อน'),
('01986', 'สุณีย์', 'ลาดพันธ์'),
('01987', 'ไพรัตน์', 'แสงสุวรรณ์'),
('01988', 'น้ำฝน', 'อภิรักษ์'),
('01989', 'อนุศรา', 'ประจำเมือง'),
('01992', 'สุวัฒน์', 'จันทร์แสงทอง'),
('01993', 'สมพร', 'สิงห์ทอง'),
('01997', 'จิราภรณ์', 'กิ่งจันทร์'),
('01998', 'ปราณี', 'ศรศิริ'),
('02002', 'นิพนธ์', 'เพลินบุญ'),
('02004', 'แทนไท', 'ขันธ์แก้ว'),
('02006', 'ธีระพงษ์', 'เขื่อนวิเศษ'),
('02007', 'ธนายุทธ', 'วงค์แก้ว'),
('02008', 'ธนรัตน์', 'ทิพย์กูล'),
('02009', 'รุ่งศักดิ์', 'พวงยอด'),
('02010', 'ศราวุธ', 'ทศรักษา'),
('02011', 'เชาวฤทธิ์', 'แสงปัญญา'),
('02014', 'จักรพงษ์', 'สิงห์พะเนาว์'),
('02018', 'วัชระ', 'มากชื่น'),
('02019', 'อำนาจ', 'ผันกลาง'),
('02020', 'รัชชานนท์', 'สีพรม'),
('02023', 'ถาวร', 'กระฐินเทศ'),
('02024', 'ต้น', 'มาลัย'),
('02029', 'ชลดา', 'ยุทธการ'),
('02033', 'นิยดา', 'เคียนตะคุ'),
('02035', 'กันต์ภคนันท์', 'อัมพรสนิท'),
('02036', 'ประคอง', 'มิ่งมูล'),
('02037', 'ณฉัตร', 'สีสันต์'),
('02038', 'ฉวีวรรณ', 'จันทร์เรืองศรี'),
('02040', 'ไพรัตน์', 'เรืองตนนอก'),
('02041', 'ธารินี', 'พรมดี'),
('02042', 'รัชนี', 'พูลเพิ่ม'),
('02045', 'สุดารัตน์', 'กระอาต'),
('02049', 'นิติยา', 'นามวาส'),
('02050', 'เรวดี', 'วงษาลี'),
('02051', 'วรรณิษา', 'ศิริเลิศ'),
('02052', 'โกศล', 'น้อยเจริญ'),
('02053', 'วลัยภรณ์', 'สานนท์'),
('02056', 'ณัฐวุฒิ', 'พันอ้น'),
('02057', 'ฐานันดรชัย', 'สาครขันธ์'),
('02058', 'กมล', 'หลับรัมย์'),
('02060', 'ตรีศักดิ์', 'สาละ'),
('02061', 'ศิรวิชญ์', 'บุราณลือ'),
('02062', 'โย', 'แก้วคำมี'),
('02065', 'ประสงค์', 'วันแสวง'),
('02067', 'อนุชา', 'สาระรัตน์'),
('02072', 'ระวี', 'ชาตา'),
('02073', 'วีรศักดิ์', 'แก้วเขียว'),
('02074', 'ธีรพงษ์', 'จ๋อยพรม'),
('02078', 'เชาวน์ราช', 'ชูชมสอน'),
('02079', 'ณญาดา', 'ปิ่นทอง'),
('02081', 'นันธิดา', 'เชื้อพนม'),
('02082', 'ศรนภา', 'เอี่ยมสะอาด'),
('02083', 'จันทร์เพ็ญ', 'สนนอก'),
('02085', 'ภัทราภรณ์', 'สายผุยธรรม'),
('02087', 'นวลจันทร์', 'พันลุแพง'),
('02089', 'อุลัย', 'จันทะดา'),
('02092', 'มาลัย', 'จันทิชัย'),
('02094', 'ยุพิน', 'เหมทอง'),
('02100', 'จริยา', 'แลงล้อม'),
('02103', 'สุภาพร', 'นนทะคำจันทร์'),
('02104', 'กาญจนา', 'พรมจีน'),
('02106', 'นุชติยา', 'ละอองดี'),
('02107', 'นิตยา', 'สมรูป'),
('02108', 'วันเพ็ญ', 'เข็มทอง'),
('02112', 'วรรณภา', 'แก่นจันทร์'),
('02115', 'แม้นมาศ', 'รักษาภักดี'),
('02117', 'นฤมล', 'เจริญจิต'),
('02119', 'พลอยตะวัน', 'ขุ่ยขะ'),
('02125', 'ปุณญาดา', 'เหล่าประเสริฐ'),
('02126', 'สุพัตรา', 'จิตตั้งบุญญา'),
('02128', 'ริตยา', 'แสงแดง'),
('02129', 'สิทธิพงษ์', 'สุดทอง'),
('02130', 'พวลพล', 'คนไว'),
('02131', 'อนุสรณ์', 'นุชรอด'),
('02132', 'สมศักดิ์', 'สาลัง'),
('02133', 'จรินทร์', 'เรืองหิรัญวนิช'),
('02137', 'ดวงดี', 'กันแม้น'),
('02138', 'สถิตพงษ์', 'วงแวง'),
('02141', 'ภากร', 'ทองพูล'),
('02151', 'พัชราภรณ์', 'ทรงเจริญ'),
('02152', 'กัญญากานต์', 'ฉาดพิมาย'),
('02154', 'สมใจ', 'บุตตัสสะ'),
('02157', 'วนิดา', 'ไชยหะนาม'),
('02159', 'ศรีวิไล', 'เหมือนจำนงค์'),
('02161', 'น้ำตาล', 'พรมตู้'),
('02163', 'ไพรวัลย์', 'จันทร์ส่อง'),
('02168', 'วิไลวรรณ', 'พันธ์แน่น'),
('02169', 'วิลัยพร', 'ดวงพุฒ'),
('02170', 'ดวงเนตร', 'อุสารัมย์'),
('02171', 'สมพิศ', 'ศรีดาพรมมา'),
('02172', 'ปนัดดา', 'อุ้มจันทร์'),
('02179', 'พรนภา', 'น้อยสิงห์'),
('02180', 'อัมพร', 'พรหมบุตร'),
('02181', 'พรพรรณ', 'โพธิ์ศรีขาม'),
('02182', 'สุกัญญา', 'มีหลง'),
('02183', 'หนูไกล', 'แก้ววาว'),
('02184', 'นิตยา', 'มูลมา'),
('02185', 'อำภา', 'วงศ์ษาคำ'),
('02186', 'ชนม์นิภา', 'ปากเกล็ด'),
('02187', 'ธิติมา', 'หงษ์คำ'),
('02188', 'เพ็ญพร', 'จิตโคตร'),
('02191', 'ณัฏฐากร', 'จันเกิ้น'),
('02194', 'กฤษณา', 'หมื่นสุข'),
('02198', 'ยุพา', 'วิชุมา'),
('02199', 'สุทธาสินี', 'เสนดี'),
('02200', 'ณัฐธิดา', 'ภูษา'),
('02201', 'วิฑูรย์', 'ทิพย์สุข'),
('02205', 'สมพาน', 'กำจร'),
('02206', 'ชัยยัณห์', 'ศรีวะรา'),
('02207', 'โอกาส', 'มูลกัญยา'),
('02208', 'ประพันธ์', 'คันชั่งทอง'),
('02212', 'ศักดิ์ดา', 'โพธิ์งาม'),
('02213', 'ปิยะนุช', 'บุญเจือ'),
('02214', 'วินัส', 'คำแสนแก้ว'),
('02217', 'ประวิทย์', 'ยอดพรม'),
('02218', 'ประเสริฐชัย', 'ยอดพรม'),
('02226', 'ประยูร', 'มุขธรรม'),
('02227', 'พัชระ', 'สุขเสริม'),
('02229', 'อรวรรณ', 'ศรีวรสาร'),
('02231', 'อนัญญา', 'คันชั่งทอง'),
('02233', 'ศิริลักษณ์', 'โพธิ์ทัง'),
('02234', 'ธัญชนก', 'เย็นใจ'),
('02235', 'ศรีบังอร', 'ชมคาร'),
('02236', 'รพีพร', 'สมคะเณย์'),
('02237', 'เหมือนฝัน', 'นิลสนธิ'),
('02238', 'สุกัญญา', 'คูรัมย์'),
('02241', 'อภิญญารัตน์', 'กาติ๊บ'),
('02242', 'รุ่งนภา', 'คำหอม'),
('02244', 'นภาพร', 'สร้อยโสม'),
('02245', 'จรรยา', 'เหลือผล'),
('02246', 'มณินทร', 'เบ้าชัย'),
('02248', 'ยุวธิดา', 'สมเสนาะ'),
('02251', 'จิตราภา', 'นาจาน'),
('02253', 'สุรานี', 'คุ้มญาติ'),
('02257', 'ยุพิน', 'วงษาบุตร'),
('02258', 'ไพทูรย์', 'ภูทองเงิน'),
('02261', 'ประภาภรณ์', 'นิยมชัย'),
('02263', 'รัตนาภรณ์', 'ช่างทองคำ'),
('02264', 'อรษา', 'ศรีทุม'),
('02265', 'ณัฐธิดา', 'ชารีรักษ์'),
('02266', 'อัญชลี', 'ขุนนากลัด'),
('02267', 'อัจฉรา', 'แสนบุตร'),
('02270', 'อมรา', 'ฉิมมาลี'),
('02271', 'ณรงค์พราว', 'ยางงาม'),
('02272', 'เพลินพิศ', 'ปัดเกษม'),
('02273', 'วรรณวิสา', 'พลธนะ'),
('02277', 'ปิยะวัฒน์', 'เฟื่องฟู'),
('02281', 'วิทยา', 'ปินะพัง'),
('02285', 'จันทร์จิรา', 'ซีกพุดซา'),
('02287', 'จรัสศรี', 'โตมาซา'),
('02288', 'วัลยา', 'นนทะวงศ์'),
('02289', 'มะณีย์', 'จันทร์แดง'),
('02290', 'พรลภัส', 'ใจกล้า'),
('02298', 'จิรพัฒน์', 'ทาสัย'),
('02300', 'ชัยยุทธ', 'โชติธนไพบูลย์'),
('02301', 'วรวิช', 'สมปาน'),
('02302', 'ธวัช', 'แดงคับ'),
('02303', 'ทศพล', 'รางสี'),
('02306', 'บุปผา', 'อ่างเข็ม'),
('02309', 'เดชอุดม', 'แสงตรีสุ'),
('02310', 'วิชิต', 'ผาสุข'),
('02312', 'วัลลภ', 'พันธมาศ'),
('02313', 'อัครวัฒณ์', 'พัฒนอนันตวงษ์'),
('02314', 'มานพ', 'จันทร์แจ้ง'),
('02317', 'สุวิทย์', 'หมุดฟุ่น'),
('02318', 'ศิริภางค์', 'สาครขันธ์'),
('02319', 'สุพรรณี', 'พ่อสียา'),
('02320', 'อรอุมา', 'อินทร์ชัยศรี'),
('02321', 'พรเพ็ญ', 'ขวัญใจ'),
('02322', 'สร้อยสุดา', 'องค์ศิลป์'),
('02324', 'วิไลลักษณ์', 'ชาญนอก'),
('02326', 'วิภารัตน์', 'สุขเต็ม'),
('02327', 'ทิพวรรณ', 'จันทาม'),
('02328', 'เพชรรัตน์', 'จันน้ำคบ'),
('02330', 'ณัฐลิดา', 'เลขกระโทก'),
('02332', 'กาญจน์ณัฐฐา', 'ศรีบุญเรือง'),
('02339', 'สุนันท์', 'เข็มขาว'),
('02340', 'ดวงเนตร', 'นาคลำภา'),
('02342', 'พรรณี', 'บุญค่ำ'),
('02343', 'จิตติมา', 'สมุทร์ความ'),
('02345', 'วรรณวาณิช', 'สีสถาน'),
('02346', 'พิศมัย', 'ภารสำอางค์'),
('02348', 'พัชรา', 'เครือเนตร'),
('02352', 'รัศมี', 'บุญเหมาะ'),
('02353', 'พิมพ์ภัสฐา', 'ดอนเหลือม'),
('02354', 'พรนภา', 'ใจงาม'),
('02355', 'สุพัตรา', 'ศรีวงษา'),
('02356', 'ปณิตา', 'ดีมาก'),
('02357', 'เจนจิรา', 'ฆ้องนอก'),
('02359', 'สุกัญญา', 'งามวงศ์'),
('02361', 'สุนันทา', 'จิตรจักร'),
('02363', 'ทัศนีวรรณ', 'ดอกรัก'),
('02364', 'ณัฐนันท์', 'โคตรชมภู'),
('02367', 'มะลิ', 'ใจทับทิม'),
('02370', 'อริญรดา', 'จิตครบุรี'),
('02371', 'ผจญ', 'ปักษา'),
('02372', 'วีระพล', 'วรแสน'),
('02377', 'รัชภูมิ', 'คุ้มสา'),
('02379', 'กิตติศักดิ์', 'บุญเส็ง'),
('02381', 'ภูริภัทร์', 'พันอ้น'),
('02382', 'ลัคนา', 'ถาปนา'),
('02383', 'บังอร', 'นามศรีพันธ์'),
('02384', 'นเรศ', 'ทรายปัญโญ'),
('02385', 'วุฒิชัย', 'เนืองเฉลิม'),
('02387', 'เอกราช', 'กัณหาวรรณะ'),
('02389', 'ปราการ', 'คะเชนรัมย์'),
('02394', 'อุทัย', 'เสนแก้ว'),
('02395', 'ประวิทย์', 'ประภากมล'),
('02396', 'เกรียงไกร', 'จันทร์เส'),
('02398', 'รัศมี', 'นนทะคำจันทร์'),
('02399', 'กิติยา', 'พ่อขันชาย'),
('02403', 'อัชราภรณ์', 'อุดมบัว'),
('02406', 'วัลยา', 'สมศรี'),
('02407', 'วีร์ณัฐฐา', 'ศรีบุญเรือง'),
('02410', 'นวลตา', 'กาโท'),
('02411', 'นงเยาว์', 'ชาวชายโขง'),
('02415', 'พัชรี ', 'สีขาว'),
('02419', 'อนุรักษ์', 'วงศรี'),
('02425', 'ไพฑูรย์', 'ศาลาน้อย'),
('02432', 'กาญจนา', 'วรรณพรหม'),
('02436', 'อาทิตย์', 'เทพจั้ง'),
('02438', 'อดุลย์', 'แก้ววันทา'),
('02441', 'วาธิต', 'ดอกรัก'),
('02443', 'วิริยะ', 'วรปรัชญา'),
('02444', 'คำภู', 'ชมตา'),
('02447', 'วุฒิพงค์', 'อินธิมาศ'),
('02448', 'พงศธร', 'เพาะเจริญ'),
('02449', 'วะรายุ', 'อกอุ่น'),
('02451', 'อมร', 'ถินทอง'),
('02453', 'เนตรนภา', 'บุญมา'),
('02454', 'ปิยนุช', 'อักษร'),
('02456', 'หนึ่งฤทัย', 'คำพร'),
('02458', 'อรอนงค์', 'ลุนไธสง'),
('02459', 'สุภาวดี', 'ภูพันนา'),
('02460', 'ทัศนีย์', 'สร้อยเพชร'),
('02462', 'วรรณฤดี', 'อินทอง'),
('02464', 'สุชาดา', 'สีม่วง'),
('02465', 'ศิริพร', 'เชื้อจีน'),
('02469', 'ฐิตาภรณ์', 'ภูขำ'),
('02471', 'เอกนรินทร์', 'ประทาน'),
('02477', 'กำพล', 'ตั้งประเสริฐ'),
('02478', 'อุดม', 'บุญสิทธิ์'),
('02479', 'เพียงขวัญ', 'ศรีบุรินทร์'),
('02480', 'อดิเทพ', 'ดวงวิไล'),
('02484', 'ธานัท', 'เขียวสะอาด'),
('02485', 'วิชัย', 'ลาภเย็น'),
('02486', 'มนตรี', 'ทองรอง'),
('02488', 'รุ่งนคร', 'ชมตา'),
('02489', 'สุวิทย์', 'ทองเลิศ'),
('02490', 'วุฒิ ', 'มิ่งไชย'),
('02491', 'สนธยา', 'เชิงรัมย์'),
('02495', 'อรนุช', 'ข้องนอก'),
('02496', 'เบญจมาศ', 'โพธิ์งาม'),
('02497', 'วารุณี', 'โคตคำ'),
('02498', 'ทิพวรรณ', 'กออาจ'),
('02499', 'เสียงทิพย์', 'โพธิพิมพ์'),
('02500', 'พัชราพร', 'บุญชิต'),
('02501', 'อัญชนา', 'ดวงแก้ว'),
('02504', 'พัชรินทร์', 'ปิ่นทอง'),
('02505', 'มุทิตา', 'ทองรักษ์'),
('02506', 'ศิริญา', 'สินทรัพย์'),
('02507', 'พัชรี', 'อ้วนผิว'),
('02508', 'อำนวยพร', 'พุ่มแก้ว'),
('02509', 'วีรภัทรา', 'จันทร์เวียง'),
('02510', 'สายฝน', 'ราศา'),
('02511', 'หอมไกร', 'ต้นคำ'),
('02513', 'สุพรรณี', 'สมพงษ์'),
('02514', 'ลำใย', 'ผิวพรรณ'),
('02516', 'เวธิต', 'บุญฤทธิ์'),
('02518', 'รังสรรค์', 'รักเกษม'),
('02519', 'สฤษดิ์', 'ชื่นบัว'),
('02520', 'ธนพร', 'ศรีสว่างวงศ์'),
('02522', 'จักรภพ', 'ลากุล'),
('02524', 'มานิตย์', 'นำระนะ'),
('02526', 'นิพนธ์', 'ศรีบุญเรือง'),
('02527', 'ธนพล', 'มงคลทวีชัย'),
('02528', 'สมชาย', 'คำเงิน'),
('02529', 'กิตติพศ', 'โขมะพันธ์'),
('02530', 'ยุทธนา', 'แดงโสภา'),
('02532', 'นิวัฒน์', 'วามะขันธ์'),
('02534', 'ปัญญา', 'ทองทา'),
('02535', 'ชาญชัย', 'บุญศรี'),
('02538', 'โกมินทร์', 'อินทร์ประเสริฐ'),
('02539', 'ทรงพล', 'ดีแป้น'),
('02540', 'ปัตพงษ์', 'พรหมสาร'),
('02544', 'สัญชัย', 'พรเจริญ'),
('02546', 'ศราวุธ', 'แสนทวีสุข'),
('02547', 'อภิทักษ์', 'พงษ์ญาติ'),
('02549', 'สุริยา', 'พิลากุล'),
('02550', 'เฉลิม', 'พรสุวรรณ์'),
('02552', 'ปวีณา', 'พรหมมาดี'),
('02553', 'ปาริชาติ', 'จันทร์สุราช'),
('02555', 'นิรัญญา', 'บุญสงค์'),
('02556', 'สุนิสา', 'พิกุล'),
('02557', 'สุภานี', 'การกล้า'),
('02558', 'กรรณิการ์', 'ทานุกรม'),
('02560', 'รัฐติมา', 'อนันต์เรือง'),
('02561', 'จินตนา', 'พรสุวรรณ์'),
('02562', 'วาทิยา', 'เฉลิมรัตน์'),
('02564', 'สุภาวิณี', 'ฉัตรวิไล'),
('02565', 'วันนา', 'พุ่มจันทร์'),
('02566', 'พันทิวา', 'ดีพัฒน์'),
('02569', 'วราพร', 'จันทะเกษ'),
('02570', 'อรสา', 'จันทร์แจ้ง'),
('02571', 'รจรินทร์', 'ฉายาวรรณ'),
('02572', 'วิทยา', 'อรุณศักดิ์'),
('02575', 'ภัทราพร', 'อินทรตั้ง'),
('02578', 'ธีระยุทธ', 'กระทุ่ม'),
('02588', 'ศุภวรรณ', 'ก่อเกียรติขจร'),
('02589', 'พันสุดา', 'ประพฤตินอก'),
('02591', 'เกียรติพงษ์', 'ศรีวิศร'),
('02598', 'สายชล', 'วิรุณพันธ์'),
('02600', 'พงศ์นาถ', 'สถิตย์เสถียร'),
('02603', 'นิรันดิ์ฤทธิ์', 'เจริญวัฒนธรรม'),
('02605', 'อดิศักดิ์', 'แสงสุวรรณ์'),
('02606', 'ธนวัฒน์', 'วงค์ศรี'),
('02612', 'อำนาจ', 'คำสวน'),
('02613', 'สันติ', 'ปะนูวี'),
('02614', 'ยงยุทธ', 'ฝอยทอง'),
('02617', 'บุญเขียน', 'จันทร์นัน'),
('02619', 'บุญเลิศ', 'จันทร์หง่อม'),
('02620', 'สุรชัย', 'ไชยวัน'),
('02621', 'ปริวัตร', 'หนูแก้ว'),
('02625', 'ปรีชา', 'พรดอนก่อ'),
('02630', 'อนุรักษ์', 'บุญศรี'),
('02631', 'จิตติ', 'นามจันทร์'),
('02633', 'วราภรณ์', 'จันทร์แสงทอง'),
('02634', 'วรางคณา', 'ดำพะธิก'),
('02635', 'รักสุคนธ์', 'คูณดก'),
('02636', 'ยุภาพร', 'ปัญญายิ่ง'),
('02637', 'สาธิยา', 'จงมีสุข'),
('02638', 'ธัญวลักษณ์', 'นาจาน'),
('02639', 'สุมาลี', 'โคตรมงคล'),
('02640', 'เพ็ญโพยม', 'เพียงโงก'),
('02641', 'พักดีเพ็ญ', 'จันดาเขียว'),
('02643', 'ไพรินทร์', 'นันสันเทียะ'),
('02646', 'ธีรภัทร', 'แสงกล้า'),
('02650', 'ปัญญา', 'จุลบุตรดี'),
('02651', 'บุญล้ำ', 'หาญแจ้ด'),
('02655', 'สุริพล', 'ทองผง'),
('02657', 'ภานุวัตณ์', 'แย้มชม'),
('02661', 'ฉัตร์ชัย', 'มุขแสง'),
('02663', 'นันทิชา', 'ผักไหม'),
('02664', 'ธนิษฐา', 'บุญเรือง'),
('02665', 'ศิริพร', 'กิกลิ้ง'),
('02666', 'นวลพร', 'แสงฤดี'),
('02670', 'ศิญาภัสร์', 'บุญสิริกุลพัฒน์'),
('02672', 'พรศักดิ์', 'พรหมสิทธิ์'),
('02675', 'วีระชาติ', 'จันทร์นวน'),
('02680', 'มยุรี', 'กิฬาภักตร์'),
('02683', 'หทัยกาญจน์', 'สมุดความ'),
('02685', 'วิทยา', 'วงษ์ตรี'),
('02686', 'ยุรนันท์', 'ชมฝาสาท'),
('02687', 'อุทัย', 'สำราญ'),
('02688', 'ตุลาการ', 'ทรงพระ'),
('02689', 'สมชาย', 'สาจันทึก'),
('02690', 'บุญถม', 'จำปาศรี'),
('02691', 'ศราวุธ', 'จันทร์หอม'),
('02692', 'ดำรงค์ศักดิ์', 'ใจแข็ง'),
('02695', 'ธนบดี', 'กองสุข'),
('02696', 'ศิริรัตน์', 'สุขสุวรรณ'),
('02698', 'สุวรรณี', 'ภาคสีดา'),
('02700', 'ศุภาลัยณ์', 'ทรายทอง'),
('02701', 'วิภา', 'เมฆเลื่อม'),
('02704', 'ธนกฤต', 'กุลภาโภคนิษฐ์'),
('02705', 'สุนทร', 'เวชยันต์'),
('02706', 'ปรีชา', 'คึงจันทึก'),
('02709', 'ไผ่ภิรมณ์', 'แสนสุวรรณ์'),
('02712', 'วิษณุ', 'ศรแก้ว'),
('02713', 'พิทักษ์ชัย', 'หมายสุข'),
('02717', 'ภูริวัจน์', 'คชาบาล'),
('02719', 'นพพร', 'แก้วอุดร'),
('02721', 'อนุชา', 'สุริจักหงษ์'),
('02722', 'ชเนตร', 'แสงจันดา'),
('02724', 'ธีรวัฒน์', 'บุญเย็น'),
('02725', 'เฉลิมวุฒ', 'แดงอ่อง'),
('02726', 'อดินันท์', 'จันดายุ'),
('02728', 'นงคาร', 'ธรรมรัง'),
('02729', 'ณิภาพร', 'ประมาณ'),
('02733', 'สมพร', 'ชิณวงศ์'),
('02735', 'วลัยพร', 'แก้วพวง'),
('02736', 'มลธิยา', 'พรมนิล'),
('02738', 'อาภาพร', 'ทองสัมฤทธิ์'),
('02741', 'สุภาพร', 'อุ้มบุญ'),
('02742', 'นันทิชา', 'แสงจันโท'),
('02744', 'บุษยา', 'ดงยะโสภา'),
('02745', 'กัญญาณัฐ', 'อินสนิท'),
('02746', 'อรฤทัย', 'แก้วนิล'),
('02747', 'ธัญญาลักษณ์', 'ด้วยโชติ'),
('02748', 'เนตรนภา', 'แสนวงษา'),
('02751', 'อำนาจ', 'จันทร์สีทอง'),
('02754', 'สุริยา', 'เสนสุวรรณ'),
('02755', 'สามารถ', 'วงษ์โพธิ์'),
('02756', 'ชาติชาย', 'ชนะศรี'),
('02762', 'ณัฐชยา', 'บุติพันดา'),
('02764', 'วัฒนา', 'สมศักดิ์'),
('02766', 'ชมพู', 'แสงหิรัญ'),
('02767', 'ประภาภรณ์', 'ประพันธ์'),
('02768', 'ปัทมา', 'พรหมบุตร'),
('02769', 'ภัททิยา', 'จ่าพิชม'),
('02770', 'เจนจิรา', 'มีมูล'),
('02771', 'มลวิภา', 'บุดดาเหลา'),
('02772', 'อรทัย', 'ซาซุม'),
('02773', 'จุฑามาศ', 'แก่นอากาศ'),
('02774', 'ศิริลักษณ์', 'คงสุขกาย'),
('02775', 'วารุณี', 'พันธ์หนองเป็ด'),
('02776', 'สุนิศา', 'พรมสอน'),
('02777', 'ธิดา', 'พนมพิบูล'),
('02778', 'จันทพร', 'ไชยดี'),
('02779', 'สมชาย', 'ทองศรี'),
('02791', 'ไชยนิวัฒน์', 'สมอหอม'),
('02793', 'ประวิทย์', 'วรรณทอง'),
('02794', 'กรนิกา', 'กิมาลี'),
('02795', 'มธุรส', 'หรื่อนุน'),
('02796', 'สุนทร', 'แป้นแจ่มจาก'),
('02799', 'วินัย', 'ทองทับ'),
('02803', 'นิยม', 'นิระโคตร'),
('02805', 'วัชระ', 'ตาคำชัย'),
('02808', 'ปาริฉัตร์', 'ศิริพัฒน์'),
('02810', 'เมืองมนต์', 'พันนารัตน์'),
('02817', 'ณัฏฐนันท์', 'ภักดี'),
('02818', 'ทิพวัลย์', 'แก้วเบี่ยง'),
('02821', 'จักราวุธ', 'ยุติธรรม'),
('02822', 'ศิรินทร', 'บุญหล้า'),
('02823', 'มุทิตา', 'ประคอง'),
('02824', 'จินดารัตน์', 'เลาสันเทียะ'),
('02825', 'ชัยวัฒน์', 'ก้องเวหา'),
('02828', 'ณัฏฐกันต์', 'พึ่งพา'),
('02829', 'ศันสนี', 'วันดี'),
('02830', 'สุพรรณี', 'ฝางคำ'),
('02831', 'อำภา', 'จันทรง'),
('02832', 'นุจรีย์', 'สำเภา'),
('02833', 'สุกัญญา', 'ประสารสอน'),
('02834', 'อรอุมา', 'สุขสวาสดิ์'),
('02835', 'อัมพา', 'สิทธิเวทีกุล'),
('02836', 'เกตุนรินทร์', 'ต้นแสง'),
('02837', 'สุภัสสรา', 'ต้นคำ'),
('02838', 'รัตนาวดี', 'ทัศมี'),
('02839', 'อมรรัตน์', 'ทองอ้วน'),
('02840', 'สุรัตถพร', 'สุขเสริม'),
('02841', 'อนุชิดา', 'ศักดิ์ศรี'),
('02842', 'สุนิษา', 'เหลากลม'),
('02843', 'พรสุดา', 'ดรุณพันธ์'),
('02844', 'วัลภา', 'ตุ้มบุญ'),
('02845', 'วิจิตรา', 'สุขใส'),
('02847', 'สมหญิง', 'แสนสิน'),
('02849', 'รัตนาวดี', 'หลักเขต'),
('02850', 'อรุณรัตน์', 'เดชะคำภู'),
('02851', 'สรวงสุดา', 'ผลาเลิศ'),
('02852', 'ภาวิณี', 'สืบหาแก้ว'),
('02854', 'เพ็ญภักดิ์', 'บุญถูก'),
('02855', 'พนิดา', 'ใจกล้า'),
('02856', 'จันทร์จิรา', 'คำสวัสดิ์'),
('02857', 'อมรรัตน์', 'ระวังดี'),
('02859', 'สาวิตรี', 'พรธรรม'),
('02860', 'สุวรรณทา', 'พงศ์งาม'),
('02862', 'ไพลิน', 'รองสำลี'),
('02864', 'จันสุดา', 'มากดี'),
('02865', 'เพ็ญประภา', 'มาพรม'),
('02868', 'ฐณัชญ์พร', 'ดอนเกิด'),
('02869', 'ศิริภักตร์', 'เข็มเพชร'),
('02870', 'จุฑามาศ', 'เหล็กดี'),
('02872', 'วุฒิไกร', 'ฝ่ายกระโทก'),
('02875', 'สิทธิพงษ์', 'สุดโคตร'),
('02876', 'อภิชัย', 'ดวงไข'),
('02877', 'อาทิตย์', 'วงค์ตรี'),
('02878', 'เสรี', 'คำเงิน'),
('02879', 'สุภารัตน์', 'รวงผึ้ง'),
('02884', 'พลอยนภัส', 'บุญเสาร์พูน'),
('02887', 'อุษา', 'คงโท'),
('02888', 'ยุภาวดี', 'พยุงวงค์'),
('02889', 'ดาราวรรณ', 'ดวงสิงห์'),
('02890', 'ระมัย', 'หวังลาภ'),
('02892', 'กาญจนา', 'ศรีคุณ'),
('02893', 'วันดี', 'น้อยวงศ์'),
('02894', 'นพาภรณ์', 'ดีแสน'),
('02895', 'ชนิดา', 'มูลมั่ง'),
('02896', 'นิภาพร', 'กลิ่นบัว'),
('02897', 'อรอุมา', 'ผลาพร'),
('02898', 'นุภาวลักษณ์', 'เทียบเฮียง'),
('02900', 'ราตรี', 'ทานุกรม'),
('02903', 'ปรียาวดี', 'กุลปิยาธำรงรัตน์'),
('02904', 'อ้อมดาว', 'มั่นจิตร'),
('02905', 'พรวิภา', 'ถาเย็นญวน'),
('02906', 'อุไรวรรณ', 'เดชะคำภู'),
('02907', 'ศิรินภา', 'ธานี'),
('02908', 'รุ่งฤดี', 'เจริญพงษ์'),
('02909', 'ธนะเชษฐ์', 'บุ้งทอง'),
('02910', 'ชินดนัย', 'สีดาน้อย'),
('02913', 'สุภาพรรณ', 'สมนึก'),
('02915', 'เอกลักษณ์', 'ศรีบุตร'),
('02917', 'ธเนศ', 'เจริญพงษ์'),
('02918', 'ประยูร', 'ชาวตระการ'),
('02919', 'เมธา', 'หมุนสุข'),
('02920', 'พรชัย', 'ศรีปราชญ์'),
('02921', 'กัมปนาท', 'ดวงพุฒ'),
('02923', 'พงษ์ศักดิ์', 'วงค์สุนา'),
('02924', 'เฉลิมชัย', 'พิลากุล'),
('02925', 'วิชิต', 'สุจริต'),
('02926', 'ศักดิ์กรินทร์', 'ศิริแพทย์'),
('02927', 'ทวี ', 'จันทร์เวียง'),
('02928', 'ประเสริฐศักดิ์', 'โพธิ์พา'),
('02929', 'พัฒนา', 'คงศรี'),
('02932', 'นราธิป', 'ก้องไพรสัน'),
('02933', 'จเรศักดิ์', 'คงกล่อม'),
('02935', 'จีรศักดิ์', 'ไชยศล'),
('02938', 'อัญชา', 'จ่าพิชม'),
('02939', 'อัศวิน', 'ไชยฤทธิ์'),
('02940', 'อนุวัตร', 'สุขปลั่ง'),
('02944', 'ไสว', 'ทาทองคำ'),
('02945', 'สมหมาย', 'พันแสง'),
('02946', 'วัชรศักดิ์', 'จันแดง'),
('02947', 'อุไร', 'เสนนอก'),
('02951', 'จริยา', 'วรางกูล'),
('02952', 'ดวงพร', 'สอนพรหม'),
('02953', 'จิราพัชร์', 'เจริญอาจ'),
('02954', 'กัญญณัฐ', 'แสงอรุณ'),
('02955', 'วาสนา', 'ฐานวงศ์'),
('02956', 'อรุณรัตน์', 'เอ้กระโทก'),
('02957', 'ศิรินภา', 'เรืองตนนอก'),
('02962', 'สายรุ้ง', 'ชาวสวน'),
('02965', 'ปริศนา', 'โพธิทัต'),
('02967', 'อัญชลี', 'เขตต์สว่าง'),
('02968', 'วลัยพรรณ', 'มุ่งเมิน'),
('02969', 'พรพิมล', 'มั่นวงค์'),
('02970', 'สุรัตนา', 'หาญคำภา'),
('02971', 'อมลรัตน์', 'วสิฐธนาวัฒน์'),
('02972', 'สายฝน', 'มีวงศ์'),
('02973', 'จินตหรา', 'ประฮาดไชย'),
('02974', 'ชลดา', 'รุ่งแจ้ง'),
('02978', 'สุธรรม', 'ชินโชติ'),
('02979', 'ธีระศักดิ์', 'เทียมมาลา'),
('02980', 'ศักดินันท์', 'ศิริวรรณ'),
('02981', 'นรินทร์', 'จันตา'),
('02983', 'ชัชวาล', 'แขสว่าง'),
('02985', 'นัฒพล', 'สุตตะนา'),
('02986', 'วสันต์', 'พรดอนก่อ'),
('02992', 'นภสินธุ์', 'พรมสุข'),
('02993', 'จักรพันธ์', 'คำงาม'),
('02994', 'พิทักษ์', 'ปัดถานัง'),
('02995', 'กัลยา', 'แดงอิ่ม'),
('02996', 'นุชนภา', 'อุปถัมภ์'),
('02997', 'รุ่งอรุณ', 'อิ่มบู่'),
('02999', 'จำปี', 'ไร่กระโทก'),
('03000', 'ปัทมาวดี', 'โชติศรี'),
('03001', 'ยลดา', 'คำสัตย์'),
('03008', 'ศรีประภา', 'บุญมาก'),
('03009', 'พันนิภา', 'ปะธิปะ'),
('03011', 'ฉวีวรรณ', 'หอมดอกพลอย'),
('03012', 'นุจรีย์', 'สะอาดรัมย์'),
('03013', 'ศรีสุดา', 'ถวิลจินดา'),
('03014', 'ฐายินี', 'หัดที'),
('03015', 'นุชจรี', 'มุ่งภู่กลาง'),
('03018', 'รุจิเรข', 'โองอินทร์'),
('03019', 'จันทรา', 'อินทุภูติ'),
('03020', 'คณิตา', 'สิงสถาน'),
('03021', 'เดชา', 'โลหะศิริ'),
('03023', 'สำราญ', 'ศาลางาม'),
('03024', 'วิทยา', 'งามสุข'),
('03025', 'ทัศนะ', 'พริ้งเพราะ'),
('03029', 'สมพร', 'ทันใจแก้ว'),
('03030', 'วรายุทธ', 'สุวรรณนาค'),
('03032', 'อดิศักดิ์', 'ครุธปอย'),
('03035', 'จีรยุทธ', 'วะมะพุทธา'),
('03036', 'สุรเดช', 'พีระพรประเสริฐ'),
('03038', 'ทวีชัย', 'วงมาเกษ'),
('03039', 'เบญจมาศ', 'เสนนอก'),
('03040', 'บุญแต่ง', 'สายวัน'),
('03041', 'สมพร', 'แซ่ฟุ้ง'),
('03042', 'ชลชาติ', 'สะดวก'),
('03043', 'สุรไกร', 'ลุนนรินทร์'),
('03044', 'สิทธิพันธ์', 'สุทธิประภา'),
('03047', 'วุฒิชัย', 'สุวรรณสนธิ์'),
('03050', 'อัชฤทธิ์', 'เหมะเทวัน'),
('03052', 'อดุลย์', 'สิมมา'),
('03053', 'ประดิษฐ์', 'ยอดเพชร'),
('03055', 'ธวัช', 'บรรลือทรัพย์'),
('03057', 'ธเนศ', 'จันทร์เหลา'),
('03058', 'อนิรุต', 'วงศ์แก้ว'),
('03061', 'ภูชิต', 'คึมยะราช'),
('03062', 'วิระศักดิ์', 'ดาศรี'),
('03063', 'อนุชา', 'วรรณศรี'),
('03065', 'ธนะรัชต์', 'คนดี'),
('03066', 'พิเชษฐ์', 'วันบุญมา'),
('03067', 'มนัสนันท์', 'อุ่นวิเศษ'),
('03068', 'นิพนธ์', 'ช่วยหาญ'),
('03071', 'วีรวัช', 'สิงหาพรม'),
('03072', 'สิทธิ์', 'อรรคปัสสา'),
('03073', 'จีรนันท์ ', 'ไชยเขต'),
('03074', 'สุจิตรา', 'ศรีจำปา'),
('03075', 'ศิริขวัญ', 'ปราบมีชัย'),
('03076', 'จิดาภา', 'คุ้มบุ่งคล้า'),
('03077', 'แววตา', 'แก้วธานี'),
('03078', 'พัชรี', 'ชนะมาร'),
('03080', 'รัชดาพร', 'สะดวก'),
('03081', 'สุวรรณ', 'ขอพันดุง'),
('03082', 'ชาตรี', 'ก่ำสี'),
('03083', 'จิตรลดา', 'โยธิไกร'),
('03088', 'กมลลักษณ์', 'สุริยธนาวงศ์'),
('03089', 'ชญาภา', 'ไชยมงคล'),
('03090', 'พรธิดา', 'สีบุ'),
('03091', 'พรวิภา', 'แก้วกัณหา'),
('03092', 'ทิวานนท์', 'สีดาเดช'),
('03093', 'ธิติมา', 'สีดาเดช'),
('03094', 'ฤทัยรัตน์', 'ประสมศรี'),
('03096', 'วิไลวรรณ', 'ชัยชนะ'),
('03097', 'จิราพร', 'อาจผักปัง'),
('03102', 'กฤษณะ', 'ดีหมื่นไวย์'),
('03103', 'สุริยันต์', 'สายเนตร'),
('03104', 'ธีระศักดิ์', 'สุวรรณที'),
('03105', 'นิมิตร', 'ระพีกุล'),
('03106', 'วรวุฒิ', 'ไชยพร'),
('03108', 'อาทิตย์', 'ภูผาสุข'),
('03109', 'วีรศักดิ์', 'ทองทัพ'),
('03111', 'พิชิต', 'ผ่าทอง'),
('03112', 'จิรวุฒิ', 'มูลไพร'),
('03114', 'พิชัยณรงค์', 'กอกกระโทก'),
('03116', 'ทวีชัย', 'สาละ'),
('03117', 'ไทรโยค', 'ดวงเด่นฉาย'),
('03118', 'ศักดิ์สิทธิ์', 'ไทยสอน'),
('03119', 'สำราญ', 'ศรีเนตร'),
('03120', 'วีระศักดิ์', 'เครือบุดดา'),
('03122', 'ตรัยรัตน์ ', 'ไทยอุดม'),
('03123', 'กิตติศักดิ์', 'อ้อนอุบล'),
('03125', 'สุพล', 'บุญธง'),
('03128', 'เอมจิตร', 'เอ็นอ่อน'),
('03129', 'ปภัสสร', 'คงเกตุ'),
('03130', 'วาสนา', 'ประหูศรี'),
('03131', 'ราตรี', 'กิ่งแก้ว'),
('03134', 'จรัล', 'อัคฮาด'),
('03137', 'ธีรพงศ์', 'มั่นวงค์'),
('03138', 'ยุทธิพงษ์', 'ทองมี'),
('03139', 'สกล', 'อุปศักดิ์'),
('03143', 'วรายุทธ', 'แสนทวีสุข'),
('03146', 'ประดิยุทธ', 'คงสุนทรเจริญ'),
('03148', 'ทิตพล', 'พรานเนื้อ'),
('03149', 'สิทธิชัย', 'วีระพันธุ์'),
('03151', 'อลิษา', 'ศรีโยจารย์'),
('03152', 'แพรวพรรณ', 'ขุ่ยขะ'),
('03153', 'อนุชา', 'มาธุสรสกุล'),
('03154', 'เทวา', 'ขุ่มด้วง'),
('03155', 'คมกฤษ', 'ภักดีวงศ์'),
('03156', 'ผศิน', 'แก้วกันหา'),
('03158', 'ธนายุทธ', 'จันทร'),
('03161', 'ธงชัย', 'หงษ์ร่อน'),
('03166', 'เจษฎา', 'เข็มทอง'),
('03167', 'โชคทวี', 'สมสนิท'),
('03175', 'ดวงพร', 'ทัศนวุฒิกุล'),
('03177', 'ดารารัตน์', 'รัตนเสรา'),
('03182', 'ปิยพัชร์', 'กืกทอง'),
('03183', 'ณภิณพัชร์', 'ทองคำวัน'),
('03184', 'ผ่องพรรณ', 'สุนทราวงค์'),
('03186', 'นริศรา', 'ดาแพง'),
('03187', 'มัลลิกา', 'กัลยา'),
('03189', 'จารุวรรณ', 'บุญเทียม'),
('03190', 'จามจุรี', 'เนื้องาม');
INSERT INTO `employee` (`Emp_ID`, `Empname_th`, `Empsurname_th`) VALUES
('03192', 'ศิริพร', 'ฉันไชย์'),
('03193', 'สาวิตรี', 'ชนิวงศ์'),
('03196', 'มินตรา', 'คงตางาม'),
('03197', 'วิจิตรา', 'ช่วยรักษ์'),
('03198', 'อัมพร', 'แก้วกิ่ง'),
('03199', 'รุ่งอรุณ', 'บุญอาจ'),
('03200', 'รจนา', 'วงษ์หาพิมพ์'),
('03202', 'พิศมัย', 'สอนพิมพ์'),
('03203', 'พิมพา', 'บัวใหญ่'),
('03204', 'พัชราพร', 'สาคร'),
('03205', 'นวลฉวี', 'คำขาว'),
('03206', 'จารุวรรณ', 'รัญคำภา'),
('03207', 'อภิญญา', 'ทองทับ'),
('03208', 'กุลภัสสรณ์', 'พันธ์พิบูลย์'),
('03209', 'สิริกมล', 'ปราบหนองบัว'),
('03211', 'บุษบง', 'กลมเกลียว'),
('03212', 'วิทยา', 'จันทผอง'),
('03213', 'ตะวัน', 'ต้นคำ'),
('03214', 'สุวิทย์', 'ผลาเลิศ'),
('03215', 'ธนพงษ์', 'ชุ่มเย็น'),
('03216', 'ชำนาญ', 'มิ่งประดิษฐ์'),
('03217', 'อดิศักดิ์', 'วงศ์สวัสดิ์'),
('03219', 'วราภรณ์', 'แก่นอ้วน'),
('03220', 'ศศิธร', 'จุลดาลัย'),
('03224', 'สม', 'ยุบลวัฒน์'),
('03226', 'ปชัญญา', 'ถาวร'),
('03227', 'สุกมล', 'นัยวงศ์'),
('03229', 'เบญชญา', 'ชุมนวล'),
('03230', 'จุฑามาศ', 'พิลาคุณ'),
('03231', 'ละอองดาว', 'พึ่งพา'),
('03232', 'หัทยา', 'ขวัญรักษ์'),
('03234', 'วนิดา', 'สายมงคล'),
('03235', 'อ้อมกิจ', 'มิ่งไชย์'),
('03236', 'สุภาพร', 'คุตนา'),
('03237', 'พิมพ์ชนก', 'พันธ์เสาร์'),
('03238', 'ธิดารัตน์', 'นนท์ศิริ'),
('03239', 'ยุพิน', 'ชุมจันทร์'),
('03240', 'เตือนใจ', 'มิ่งขวัญ'),
('03243', 'ศุภสร', 'บุตรวงค์'),
('03244', 'มนัสวี', 'ทาคำ'),
('03245', 'นฤมล', 'เดชคำภู'),
('03247', 'แพรว', 'บุญชื่น'),
('03249', 'พัชรี', 'วันดี'),
('03250', 'รุจิรา', 'สำเภา'),
('03251', 'อังสุมารี', 'สมนึก'),
('03252', 'วิไลวรรณ', 'จันทร์ชมภู'),
('03253', 'อรไท', 'สร้อยทอง'),
('03254', 'อรวรรณ', 'แตรสวัสดิ์'),
('03255', 'พัชรี', 'บุญธรรม'),
('03256', 'กชพรพัฐ', 'บัวใหญ่'),
('03257', 'ธารทิพย์', 'กิ่งคูณ'),
('03262', 'อดุลย์', 'ผาแดง'),
('03263', 'นริศ', 'บุญทัน'),
('03265', 'สมชาย', 'นราพันธ์'),
('03268', 'ณัฐฤทธิ์', 'เมนากิจ'),
('03269', 'วิจิตรา', 'แสงตรีสุ'),
('03270', 'วันนิสา', 'นนท์ศิริ'),
('03271', 'วนิดา', 'สร้อยเปราะ'),
('03272', 'สุพรรณี', 'ภาเภา'),
('03273', 'สุบรรยา', 'คำมานิตย์'),
('03274', 'สมใจ', 'เคียนตะคุ'),
('03275', 'ศิริพร', 'ศิริโสม'),
('03276', 'นิศารัตน์', 'ทับไธสง'),
('03278', 'ณิชยา', 'อภัยนอก'),
('03279', 'นภา', 'ศรีจำปา'),
('03280', 'กรกันยา', 'วรราช'),
('03282', 'ขวัญตา', 'ตุมกา'),
('03283', 'จิราพร', 'ประเชิญสุข'),
('03285', 'จันทิมา', 'บัวใหญ่'),
('03286', 'ดวงนภา', 'สว่างสุข'),
('03287', 'เบญจวรรณ', 'ทองสุข'),
('03289', 'อนัญญา', 'วิเวกรัมย์'),
('03290', 'เอมอร', 'ชินรัตน์'),
('03293', 'วุฒิชัย', 'ม่วงนนทะศรี'),
('03294', 'วิชนุ', 'ศิริสำราญ'),
('03295', 'วัชรินทร์', 'ฉลาดวรกุล'),
('03296', 'วัลลภ', 'ตานน้อย'),
('03297', 'ธวัช', 'บุญรักษา'),
('03299', 'ธนายุทธ', 'คมด้วย'),
('03300', 'ธนากร', 'พันโบ'),
('03302', 'ทวีศักดิ์', 'พรมนอก'),
('03303', 'ธนัส', 'แสนตรี'),
('03304', 'ธนศักดิ์', 'ยาหอม'),
('03305', 'ธนกร', 'จั่นแก้ว'),
('03306', 'สุรศักดิ์', 'สรสิทธิ์'),
('03307', 'สุรพล', 'ช่วยพันธ์'),
('03308', 'ศรีบุญเรือง', 'จัตุราเพด'),
('03309', 'สมพร', 'เด่นพัชรพล'),
('03312', 'สถาพร', 'นามแดง'),
('03314', 'ศราวุธ', 'ศรีเมือง'),
('03315', 'สันติราษฎร์', 'สาธุพันธ์'),
('03316', 'สงวนชัย', 'สาทัน'),
('03320', 'ประวุธ', 'คุ้มสมบัติ'),
('03321', 'ประวิทย์', 'อ่อนละมูล'),
('03324', 'พิทักษ์', 'ลุนศรี'),
('03325', 'ภักดี', 'พิทักษา'),
('03328', 'นพนันท์', 'ช่องกลาง'),
('03329', 'ณรงค์ศักดิ์', 'คำชู'),
('03334', 'เกรียงศักดิ์', 'ชินหงษ์'),
('03337', 'ขวัญชัย', 'สอนสุภาพ'),
('03340', 'จักรพันธ์', 'เหล่าคิ้ม'),
('03341', 'ชูศักดิ์', 'กับรัมย์'),
('03343', 'ชินกร', 'ประกิ่ง'),
('03344', 'ชวิน', 'จันทผิว'),
('03345', 'ฉลองชัย', 'ด่านเกลี้ยกล่อม'),
('03346', 'ชัยณรงค์', 'ผ่องทอง'),
('03347', 'บัญชา', 'พระสว่าง'),
('03348', 'บวรศักดิ์', 'สินธุ'),
('03350', 'บุญราม', 'กิมประโคน'),
('03351', 'บุญชู', 'ดวงดี'),
('03353', 'อัศรินทร์', 'ใจกล้า'),
('03355', 'อร่าม', 'มีโวหาร'),
('03356', 'อนุวัฒน์', 'ประสงค์คำ'),
('03357', 'อดุลย์', 'มลใสกุล'),
('03358', 'ปณิดา', 'ชูเลิศ'),
('03360', 'สุภสิทธิ์', 'สิงห์สกล'),
('03361', 'ฉวีวรรณ', 'พรมหลวงศรี'),
('03362', 'สุรักษ์', 'บัวเหลา'),
('03364', 'ธนทร', 'บุญลอย'),
('03365', 'อนุชาติ', 'สุขกำเนิด'),
('03368', 'ปราริฉัตร์', 'รัตนาคม'),
('03369', 'ศราวุธ', 'หวลประโคน'),
('03370', 'อนัญชนา', 'สร้อยทอง'),
('03375', 'จรรยา', 'ไทยสิทธิ'),
('03376', 'พรชนะ', 'ซื่อสุทธิกุล'),
('03378', 'ดวงเดือน', 'พุทธวงษ์'),
('03380', 'เบญจวรรณ', 'ภูมิไธสง'),
('03381', 'กาญจนาภรณ์', 'แก้ววงศ์'),
('03383', 'ประวินา', 'วันดึก'),
('03386', 'อัคนินภ์', 'รุจิเทศ'),
('03388', 'สุวิท', 'ประสันแพงศรี'),
('03390', 'สิรินภา', 'ขวดแก้ว'),
('03391', 'นิพนธ์', 'โคตรสขึง'),
('03392', 'กนกวรรณ', 'แทนครบุรี'),
('03393', 'สุพัตรา', 'บัญหาราช'),
('03397', 'สุจิตรา', 'พลอยสุขใส'),
('03398', 'ธนิ', 'โคตรทอง'),
('03401', 'อุเทน', 'วิชัย'),
('03402', 'ทวีวัฒน์', 'โกสียรักษ์วงศ์'),
('03403', 'สุรีย์พร', 'ภูมิชัยสุวรรณ'),
('03405', 'สุนิษา', 'ยะปะเต'),
('03409', 'เทวฤทธิรงค์', 'บุญวงค์'),
('03411', 'บุญสม', 'จิตรเอก'),
('03415', 'ปนิดา', 'ศรีมาบุตร'),
('03416', 'สาลีวัลย์', 'พุจารย์'),
('03418', 'อุเนตร', 'เครือเนตร'),
('03422', 'ทัศนีย์', 'แก้วดี'),
('03423', 'วันเพ็ญ', 'สิงห์ไพศาล'),
('03426', 'อรพรรณ', 'ตันสอน'),
('03427', 'จิณห์นิภา', 'ภูแมนนาค'),
('03429', 'สุภนิดา', 'ชาวไทย'),
('03431', 'เยาวภา', 'เนตรแสงสี'),
('03438', 'ดวงฤทัย', 'ศรีฉายา'),
('03440', 'อนุศักดิ์', 'แซ่อุย'),
('03442', 'สลักจิตร', 'มีโพนงาม'),
('03443', 'อรรถพล', 'ปาสาทิกา'),
('03446', 'นิธี', 'เกิดชูชื่น'),
('03447', 'ณรงค์เดช', 'ยิ่งสัมพันธ์เจริญ'),
('03453', 'ภัคพงษ์', 'เลิศลิมปิยะรัตน์'),
('03456', 'ภูริชญ์', 'ศิริพูลเกียรติกุล'),
('03462', 'ธนกฤต', 'เกตุประยูร'),
('03463', 'วุฒิชัย', 'กิจภัทรพาณิชย์'),
('03464', 'ณัฐริกา', 'แจ่มศรี'),
('03466', 'นุวลี', 'เหลาเคน'),
('03467', 'ทิตยา', 'พิกุล'),
('03468', 'จุฑารัตน์', 'องคสาท'),
('03471', 'เอกพันธ์', 'ตาขันทะ'),
('03472', 'พงศธร', 'โทนุสิน'),
('03474', 'ณิศารัตน์', 'จันทร์สอน'),
('03476', 'เกรียงไกร', 'แจ่มเชื้อ'),
('03477', 'อาทิตย์', 'จ่ามีเคน'),
('03478', 'ก้องหล้า', 'สมศรี'),
('03479', 'วีระพันธ์', 'แสนสี'),
('03481', 'คาวี', 'พันทุมมา'),
('03482', 'วรภรณ์', 'สินบำรุง'),
('03487', 'สุริยา', 'บินทะสี'),
('03489', 'สุรชัย', 'มาตายะสี'),
('03490', 'ปกรณ์', 'สมานมิตร'),
('03491', 'ภูริชญ์', 'อติสุคนธ์'),
('03496', 'จันทร์ฉาย', 'หอมชื่น'),
('03502', 'ศริยา', 'ธารธีรภาพ'),
('03505', 'พีรภัทร', 'นาคพุ่ม'),
('03506', 'สุวาริน', 'มีหนองหว้า'),
('03507', 'ปรีชา', 'ไชยชาญ'),
('03508', 'ทัชนินท์', 'หัวใจ'),
('03509', 'ธัญพรพรรณ', 'อ่อนผิว'),
('03511', 'เพียงดาว', 'ไกรกิจราษฎร์'),
('03512', 'ธรรมรัตน์', 'เงินนา'),
('03513', 'ประสพ  ', 'อุดมผล'),
('03514', 'ชัชชัย  ', 'วิเศษชาติ'),
('03515', 'วีรพงษ์', 'ปาลศรี'),
('03516', 'วันดี', 'ผู้เจริญ'),
('03517', 'นันทวัฒน์', 'พุ่มจันทร์'),
('03518', 'ปวีณา ', 'สีแสด'),
('03519', 'วันเพ็ญ', 'พิมพ์ดวงศรี'),
('03520', 'พรพงษ์', 'สายเบาะ'),
('03522', 'ภารดา', 'ทองทรัพย์'),
('03523', 'สกล', 'โพนสอนทีป'),
('03526', 'วรรณภา', 'สนวนรัมย์'),
('03527', 'เนตรศิริ', 'การะเกตุ'),
('03528', 'ลัดดาวัลย์', 'แสงสว่าง'),
('03530', 'ธาราทิพย์', 'ศรีเสวตร์'),
('03532', 'รัฐนนท์', 'อินทราวุธ'),
('03547', 'วิศรุต', 'กระเป๋าทอง'),
('03549', 'สุปราณี', 'บุญชิต'),
('03550', 'อำไพ', 'เชื้อสุข'),
('03552', 'พุทธิวัฒน์', 'พิศาลฉัตรกุล'),
('03553', 'ยงยุทธ', 'ศรีจันทร์'),
('03554', 'รณชัย  ', 'วิมลจรรยาภรณ์'),
('03555', 'อุทิศ', 'ประพรม'),
('03556', 'ธีระพงษ์', 'ดาลาด'),
('03557', 'ภัทรสุดา', 'บุญประสาร'),
('03558', 'พรพิมล', 'สายสี'),
('03559', 'นพดล', 'ขอบเงิน'),
('03560', 'วุฒินันท์', 'ผลเจริญ'),
('03562', 'วุฒิพงษ์', 'วงษา'),
('03563', 'อนุกูล', 'จันพวง'),
('03567', 'ธิติ', 'จีรพรชัย'),
('03568', 'กิตติพงศ์', 'ออละอ่อน'),
('03569', 'พิเชษฐ', 'อึงสวัสดิ์'),
('03571', 'พรทิพย์', 'บุญวิธวาเจริญ'),
('03575', 'เสาวลักษ์', 'จอมโคตร'),
('03577', 'อัมรา', 'ขาวงาม'),
('03578', 'พิมพ์ณัฐชยา', 'จรีรัตน์'),
('03579', 'รจนา', 'ยศวงค์'),
('03580', 'อุทุมพร', 'ตาเขียม'),
('03581', 'ธีรติ', 'สุดสาลี'),
('03582', 'เย็นฤดี', 'ประทุมชัย'),
('03583', 'วรรณิศา', 'ไกรรักษ์'),
('03584', 'นิตยา', 'พิกุลศรี'),
('03585', 'สิทธิ์ชัย', 'ถิ่นวงษ์แย'),
('03586', 'โชคทวี', 'ธรรมวิจิตร'),
('03587', 'ชัยรัตน์', 'เกียรติกิตติกร'),
('03588', 'วราภรณ์', 'แถมนา'),
('03590', 'พิชาญ', 'พรเพ็ชร'),
('03591', 'นครินทร์', 'ดอนศรีมัน'),
('03593', 'ธเนศ', 'เดชโหมด'),
('03598', 'ณัฐพงษ์', 'วังมูล'),
('03600', 'ประพนธ์', 'เซ้งเครือ'),
('03602', 'สินีนาฎ', 'พงษ์สุวรรณ'),
('03607', 'ปรีชา', 'เพชรตะกั่ว'),
('03608', 'พัฒนา', 'ปัสสาวัน'),
('03609', 'สันติพร', 'อินกา'),
('03610', 'สุกัญญา', 'พรหมบุตร'),
('03611', 'ดวงประกาย', 'จันที'),
('03612', 'ประภัสสร', 'ลับภู'),
('03613', 'นาตยา  ', 'หงษ์เจริญ'),
('03614', 'ธนชัย  ', 'ปุริธรรมเม'),
('03615', 'อุไรพร  ', 'ความสวัสดิ์'),
('03616', 'ประไพวรรณ', 'แสงวงศ์'),
('03617', 'จักรพันธ์', 'แถลงจิตต์'),
('03618', 'อรประภา', 'ศรีวะรมย์'),
('03619', 'ไพรวัลย์', 'พลศรี'),
('03620', 'วนิดา', 'พรมโยธา'),
('03621', 'ราชัน', 'แวงวรรณ'),
('03622', 'วธัญญู', 'รัตนทิพย์'),
('03623', 'วิทยา', 'สาสิทธิ์'),
('03624', 'หงส์ทอง', 'สยามล'),
('03625', 'ลักขณา', 'ศรีเนตร'),
('03626', 'เฉลิม', 'รัตวาล'),
('03627', 'ภานุวัฒน์', 'จ่าชัย'),
('03628', 'เสาวลักษณ์', 'ศรีวิรัตน์'),
('03629', 'หยกมณี', 'อุทธิสินธุ์'),
('03630', 'ธันยมัย', 'นนท์ศิริ'),
('03631', 'ศุทธินี', 'เคนนิคม'),
('03632', 'ภรณ์ทิพย์', 'เชื้อเมฆ'),
('03633', 'อภิชาติ', 'รักชาติ'),
('03634', 'เกียรติศักดิ์ ', 'สืบญาติ'),
('03636', 'สุพรรณี', 'แสนขวา'),
('03637', 'วรภัทร', 'หมั่นจิตร'),
('03638', 'ปิยรัตน์', 'ชัยกรี'),
('03639', 'อุดม', 'รักมิตร'),
('03641', 'พงษ์พันธ์', 'โยธาพล'),
('03642', 'วราภรณ์', 'เพ็งเปิ้น'),
('03643', 'ชัชชล', 'อุมา'),
('03644', 'ประเสริฐ', 'แพวขุนทด'),
('03645', 'อานนท์', 'รสดี'),
('03646', 'พิมพา', 'พงค์ตัน'),
('03647', 'วิมล', 'พรมเสน'),
('03648', 'ยุทธพงษ์', 'ใจธรรม'),
('03649', 'อำพร', 'สีใส'),
('03650', 'เด่นพิทักษ์', 'ภาษาดี'),
('03651', 'ศิรินภา', 'หาระคุณ'),
('03652', 'ปวีณา', 'ตันเสดี'),
('03654', 'ธารีรัตน์', 'ศิริวิริยากุล'),
('03655', 'วิเชียร', 'คงดวงดี'),
('03658', 'ณิชกานต์', 'ทวนตะขบ'),
('03659', 'ศิริวรรณ', 'บรรยง'),
('03660', 'ปิยะ', 'คำลา'),
('03661', 'เบญจกูล', 'เนืองนันท์'),
('03662', 'ศักดิ์สภา', 'พหลยุทธ'),
('03664', 'ธงไชย', 'ผิวทอง'),
('03666', 'ฉัตรพล', 'ประสมรส'),
('03667', 'นันทวี', 'อินทรุกขา'),
('03668', 'ธีรชัย', 'ชุมสิงห์'),
('03669', 'สุภาพร', 'เรือนเจริญ'),
('03670', 'วิทวัส', 'ศิริป้อง'),
('03671', 'สุทิวัส', 'นุมา'),
('03672', 'จรีรัตน์', 'จันทร์พิรักษ์'),
('03673', 'อรัญญา', 'โคตรดก'),
('03675', 'อภิรักษ์', 'พลสวัสดิกุล'),
('03677', 'ไพลิน', 'จูทองคำ'),
('03680', 'สุจิณ', 'กิตติอุดมเดช'),
('03681', 'ปิยนุช', 'ประทุมชาติ'),
('03686', 'ภัศรา', 'พระยาครุฑ'),
('03690', 'เกรียงไกร', 'ช่างเหล็ก'),
('03695', 'สุกฤต', 'สรวยสุวรรณ'),
('03697', 'วีระยุทธ', 'คนชม'),
('03698', 'วิชิต', 'พงษ์ญาติ'),
('03701', 'ฐาปนีย์', 'จันทร์พราหมณ์'),
('03702', 'สุจรีย์', 'สัมมาทรัพย์'),
('03707', 'สมหญิง', 'จันทร์เวียง'),
('03708', 'สุภา', 'ผาสิน'),
('03709', 'ประดิษฐ์', 'แสวงทรัพย์'),
('03710', 'จินดา', 'อินเขียว'),
('03712', 'อำนวย', 'เสนีนวน'),
('03713', 'อดิพล', 'ทูลพุทธา'),
('03714', 'รุ่งทิพย์', 'พระสมสุข'),
('03715', 'พงศธร', 'พัดทอง'),
('03716', 'ไพรินทร์', 'ส่องาม'),
('03717', 'จินตนา', 'วงษาชัย'),
('03718', 'ชลลดา', 'ประสารฉ่ำ'),
('03719', 'นฤมล', 'รุณกัน'),
('03721', 'พงษ์ณุวัต', 'จันทะยา'),
('03722', 'ปรีดาวรรณ์', 'ทองคำ'),
('03723', 'สันธาน', 'สาวรีย์'),
('03725', 'รุ่งโรจน์', 'นาเทียมเขตต์'),
('03726', 'รณชัย', 'ไชยศรี'),
('03728', 'อนุวัตน์', 'บุรณเจริญกิจ'),
('03729', 'เฉลิมพงษ์', 'อินทมนต์'),
('03732', 'ปิยวดี', 'ชัยเดช'),
('03733', 'กิจจา', 'ทิมฉิมพลี'),
('03734', 'ทินกร', 'หล้าลอด'),
('03735', 'คมสันต์', 'ขันแข็ง'),
('03736', 'ณธิพัฒน์', 'บุญญามิ่ง'),
('03737', 'สุนันทา', 'บุญสนิท'),
('03739', 'สุริยัน', 'ชาลี'),
('03740', 'มัทรียา', 'บัวใหญ่'),
('03741', 'สุรศักดิ์', 'ดวงสีบุตร'),
('03742', 'เดือนเพ็ญ', 'มาเมือง'),
('03743', 'พิชัย', 'ปะทิ'),
('03744', 'ณรงค์', 'สุขแก้ว'),
('03745', 'นิคม', 'บุญกว้าง'),
('03746', 'พงษ์พัฒน์', 'วงษ์ตา'),
('03747', 'ปริญญา', 'ชนะประโคน'),
('03748', 'อรทัย', 'ปลายเนตร'),
('03749', 'วัชรากร', 'พระขรรค์แก้ว'),
('03751', 'อรทัย', 'หงษ์ทอง'),
('03752', 'เดือนเพ็ญ', 'แสนราช'),
('03753', 'สาธิต', 'สิงเวิน'),
('03754', 'บุญเหลือ', 'วชิมาเภท'),
('03755', 'เริงชัย', 'สีก่ำ'),
('03756', 'ภักดี', 'ทองเฟือง'),
('03757', 'เจนจิรา', 'แสงมณี'),
('03759', 'พิชัย', 'นิลธวัช'),
('03762', 'พัชรี', 'พิมพ์พันธุ์'),
('03763', 'ผกามาศ', 'ครองวงค์'),
('03764', 'มุทิตา', 'สุขดี'),
('03765', 'ศราวุธ', 'เชื้อแก้ว'),
('03766', 'อนุวัฒน์', 'ตุ้มคำอู่'),
('03767', 'สุทัศน์', 'โพธิ์เงิน'),
('03768', 'ปัทมา', 'กังสันเทียะ'),
('03769', 'ทศพร', 'สุขชนะ'),
('03770', 'ครรชิต', 'เจาะจง'),
('03771', 'สุชาดา', 'จันทรารักษ์'),
('03772', 'ศิริรัตน์', 'สำราญ'),
('03773', 'อาทิตย์', 'พิรุนสุนธร'),
('03774', 'สมจิต', 'บุญทะวงค์'),
('03775', 'ศิริพร', 'แถลงจิตร'),
('03776', 'รัตนาภรณ์', 'นาคำมูล'),
('03777', 'กรรณิกา', 'สิมมา'),
('03778', 'เกตุวดี', 'ชนะประโคน'),
('03779', 'อณุชิดา', 'หนันลี'),
('03780', 'กมลวรรณ', 'บุญหอม'),
('03781', 'สุนทร', 'เสนาะเสียง'),
('03782', 'สายชล', 'สร้อยจิตร'),
('03783', 'บุษบา', 'เสาหิน'),
('03784', 'มนตรี', 'ทองเทพ'),
('03785', 'วรรณชัย', 'อรรคปัสสา'),
('03786', 'สุนิษา', 'แสนเขียว'),
('03787', 'รัตนา', 'หงษ์ทอง'),
('03788', 'พรบุญญา', 'น้อยสุวรรณ'),
('03789', 'ณธิดา', 'ชนมาสุข'),
('03790', 'อรวิมล', 'บุญสวัสดิ์'),
('03791', 'สุณิสา', 'เจียงเพ็ง'),
('03792', 'มาติกา', 'จันเพ็ง'),
('03793', 'กรรณิการ์', 'พิมพ์ทอง'),
('03794', 'โสพล', 'จิตต์ไทย'),
('03795', 'สุจิตรา', 'ประทังคำ'),
('03796', 'สุธาทิพย์', 'บ่อทอง'),
('03797', 'ประภัสสร', 'คณะพันธ์'),
('03798', 'นาตยา', 'ศรีเฉลิม'),
('03799', 'นฤมล', 'กุลชินลิกานนท์'),
('03800', 'สุพัตรา', 'คำอ่อน'),
('03801', 'ละมัย', 'นุริตมนต์'),
('03802', 'ปัทมาพร', 'เนื่องภักดี'),
('03803', 'พงษ์ศักดิ์', 'ศรีพิกุล'),
('03804', 'อุทัยวรรณ', 'ค้าคุ้ม'),
('03805', 'ขวัญใจ', 'สุวรรณโส'),
('03806', 'นาติ์ฏญา', 'ศรีประเสริฐ'),
('03807', 'กรรณิการ์', 'นวนแก้ว'),
('03808', 'อุไรรัตน์', 'บริบูรณ์'),
('03809', 'วริศรา', 'บำรุงเจริญ'),
('03810', 'จรัล', 'หารจันทร์'),
('03811', 'มะนะสินธุ์', 'เชื้อเมือง'),
('03812', 'อนุธิดา', 'คำแสนแก้ว'),
('03813', 'วิจิตรา', 'เชื้อเมฆ'),
('03814', 'ทินกร', 'บุตรเวียงพันธ์'),
('03815', 'ประยง', 'ต้นสิงห์'),
('03816', 'หนึ่งฤทัย', 'ยาวะรัมย์'),
('03817', 'อภิญญา', 'ตอนสุข'),
('03818', 'จันทร์ทิพย์', 'สีพรม'),
('03819', 'พีรพงษ์', 'ช่วยสุข'),
('03820', 'เพ็ญพินิจ', 'นามภักดี'),
('03821', 'เกศสุดา', 'สวนดี'),
('03822', 'อริสา', 'จันทา'),
('03823', 'รัตนาวดี', 'พลึกรุ่งโรจน์'),
('03824', 'มินตรา', 'ป้องศรี'),
('03825', 'สุภาวดี', 'ตะเคียนศก'),
('03826', 'วันเพ็ญ', 'นามวงษา'),
('03827', 'ลลนา', 'มารักษ์'),
('03828', 'รสริน', 'เพ็งผาย'),
('03830', 'นงลักษณ์', 'กำจัด'),
('03831', 'สำรวย', 'ผันผ่อน'),
('03832', 'สุภชัย', 'รู้บุญ'),
('03833', 'ไกรสร', 'ทะสี'),
('03834', 'ประคอง', 'สุทธิแสง'),
('03835', 'สุพัตรา', 'พุ่มจันทร์'),
('03836', 'สุรธิดา', 'กัลปพฤก'),
('03837', 'วันทนา', 'พันธ์ขาว'),
('03838', 'วิภาดา', 'จันทร์เมือง'),
('03840', 'ศิริพร', 'ทองเย็น'),
('03841', 'รจนา', 'ดวงไข'),
('03842', 'สุขสันต์', 'โลเตียะนัน'),
('03843', 'ณัฐปวีณ์', 'กลิ่นท้วม'),
('03844', 'พาสุข', 'รำเพยพล'),
('03845', 'ศุภชัย', 'บัวชัย'),
('03846', 'ไชยันต์', 'ศรีเรือง'),
('03847', 'สุพรรณี', 'เฉลิมรัตน์'),
('03848', 'ทัศนัย', 'สัตย์ธรรม'),
('03849', 'พิทักษ์พงษ์', 'อินเรืองศรี'),
('03850', 'อัญญารัตน์', 'อาจวิชัย'),
('03851', ' ทรงยศ', 'บุญเนตร'),
('03852', 'ศิวนัฐ', 'ศรีอุดร'),
('03853', 'เกียรติศักดิ์', 'สีทา'),
('03854', 'ยิ้มสยาม', 'ศรีนคร'),
('03855', 'เดชา', 'เนียมชัยภูมิ'),
('03857', 'สมหญิง', 'ม่วงแป้น'),
('03858', 'นัทธพนธ์', 'กึกไธสง'),
('03860', 'ทวีชัย', 'หมื่นท้าว'),
('03861', 'กรรณิกา', 'ธาระรมย์'),
('03862', 'สายฝน', 'ปานป้อม'),
('03863', 'ณัฐพงศ์', 'ขัติย์วงศ์'),
('03864', 'ฉัตรชัย', 'มงคลเลิศ'),
('03865', 'อภิชา', 'บูรณ์เจริญ'),
('03868', 'ธนิสา', 'สัตยะพงษ์พันธุ์'),
('03870', 'เสกสรร', 'ผันแปล'),
('03872', 'พุทธินันท์', 'เกตุประทุม'),
('03875', 'จีระนันท์', 'จันทรักษ์'),
('03877', 'ณภัทรศักย์', 'สถิตมโนธรรม'),
('03880', 'กฤษณา', 'แก่นบุบผา'),
('03883', 'วรรณิภา', 'โหรเวช'),
('03894', 'สุพัตรา', 'เหล่าคนค้า'),
('03895', 'อังคเนย์', 'ชำนาญ'),
('03896', 'พิราวรรณ', 'พึ่งผล'),
('03899', 'นวลอนงค์', 'ตรงใจ'),
('03900', 'นุจรี', 'โพธิ์แก้ว'),
('03901', 'ปาริชาติ', 'เขตวัฒนานุสรณ์'),
('03902', 'อุทัย', 'เขียนวงค์'),
('03903', 'กิตติชัย', 'สารทอง'),
('03907', 'สุพัตรา', 'เรือนเจริญ'),
('03908', 'สุธิดา', 'อุทุม'),
('03909', 'แคทลียา', 'นาคำ'),
('03910', 'ชุติภัค', 'หมุนสุข'),
('03911', 'สมชาย', 'ยุวผล'),
('03912', 'จงกร', 'คำเบ้า'),
('03913', 'อรอิริยา', 'แก่นอ้วน'),
('03914', 'เดือนเพ็ญ', 'น้อยวงษ์'),
('03915', 'อำพร', 'แก้วลุน'),
('03916', 'กาญจนา', 'แก้วดวงดี'),
('03917', 'ทิพวัลย์', 'สายโรจน์'),
('03918', 'ไทยรัฐ', 'กองทอง'),
('03919', 'อาคม', 'กริดรัมย์'),
('03920', 'อรพิน', 'ศุภโกศล'),
('03921', 'อังคาร', 'อุ้มเพชร'),
('03922', 'สาวิตรี', 'บุญเสือ'),
('03923', 'กัณฐิกา', 'ธรรมแสง'),
('03924', 'ดาหวัน', 'ช่วยนา'),
('03925', 'จันทร์ทิพย์', 'เกตุแก้ว'),
('03926', 'พร้อมพงศ์', 'พันเดช'),
('03927', 'ธงชัย', 'พรเจริญ'),
('03928', 'วีระชัย', 'แสนทวีสุข'),
('03929', 'สามารถ', 'ตอรัมย์'),
('03930', 'สรไกร', 'ทองปาน'),
('03931', 'สุนารี', 'ติดชัย'),
('03932', 'ชรินทร์', 'ฮวบอ่อง'),
('03936', 'กิติพงษ์', 'จันทร์ดี'),
('03937', 'สุชาดา', 'บ่อแก้ว'),
('03939', 'พนิกุล', 'เสมพิมาย'),
('03940', 'กนกทิพย์', 'ศรีสุธรรม'),
('03941', 'สุธัญญา', 'ขันเงิน'),
('03944', 'อุมากรณ์', 'ดวงแก้ว'),
('03945', 'ชุติมา', 'ทนยิ่ง'),
('03946', 'รัศมี', 'พูลทอง'),
('03948', 'สินารถ', 'บุญรักษา'),
('03949', 'พงศ์เทพ', 'กิจศิลป'),
('03950', 'สุภัชชา', 'จิรภัทร์พิมล'),
('03951', 'กัลยาวดี', 'สุคนพาทิพย์'),
('03954', 'ณัฎฐา', 'โภคาสมบัติ'),
('03955', 'ธนิดา', 'ธนะประสพ'),
('03957', 'วรรณรัตน์', 'สุวณิชย์'),
('03958', 'ศิริรัตน์', 'แสงสี'),
('03965', 'ณัฐวุฒิ', 'สนิทศรีสวัสดิ์'),
('03970', 'ขจีรัตน์', 'กัลยา'),
('03972', 'ธนาธิป ', 'เอี๊ยบกงไชย'),
('03974', 'ณัฐรวี', 'บุญถนอม'),
('03975', 'จารุเดช', 'รีวราบัณฑิต'),
('03976', 'อรชา', 'คูณค้ำ'),
('03981', 'ปิยะนัยน์', 'พยรรตาคม'),
('03982', 'ปริญญา', 'เลิศวิริยะศักดิ์'),
('03986', 'ศรัณรัตน์', 'ศิลส่ง'),
('03989', 'นันธิดา', 'จันทรลา'),
('03990', 'ประหยัด', 'บุญชม'),
('03991', 'ทัศนัย', 'ไชยมงกุฎ'),
('03992', 'เบ็ญจวรรณ', 'ศรีวิจารณ์'),
('03993', 'อิทธิเชษฐ์', 'พุ่มแก้ว'),
('03995', 'วสันต์', 'ดอนไชยสีหา'),
('03996', 'ธารา', 'ทองมา'),
('03997', 'มหัตถพันธ์', 'เสียงล้ำ'),
('03998', 'อมรรัตน์', 'เนื้องาม'),
('03999', 'ภัณฑิรา', 'คำสวน'),
('04000', 'นภัทรพร', 'หาดจันทร์'),
('04001', 'อนุชา', 'ขวัญคำ'),
('04002', 'ปริญญา', 'กระสังข์'),
('04003', 'เสฏฐวุฒิ', 'อินคำ'),
('04004', 'วัฒนพล', 'ปุราทะกา'),
('04007', 'สุนิสา', 'จิตประมูล'),
('04008', 'วรรณนิภา', 'ดาเล็ก'),
('04009', 'สุทธิเกียรติ', 'วรรณทอง'),
('04010', 'จิราพร', 'เกษร'),
('04011', 'กนกวรรณ', 'วิทยปรีชาอนันต์'),
('04012', 'ขวัญชัย', 'พระกลาง'),
('04013', 'กานต์พิชชา', 'ถิตย์สมบูรณ์'),
('04014', 'อดิศักดิ์', 'นุตโร'),
('04015', 'ประเสริฐศักดิ์', 'ประดา'),
('04016', 'ชาญณรงค์', 'ประสงค์คำ'),
('04017', 'วิชุดา', 'หงษาคำ'),
('04018', 'สมพงษ์', 'แก้วภูบาล'),
('04019', 'สมหมาย', 'จิตรวิขาม'),
('04020', 'รัตนา', 'สร้อยโสม'),
('04021', 'ปาลิดา', 'พรหมคนซื่อ'),
('04022', 'ประยุทธ', 'ส่งกุล'),
('04023', 'วันชัย', 'อินทรบุตร'),
('04026', 'ธันยาพร', 'ใหแนม'),
('04027', 'รุ่งทิวา', 'โชคชัย'),
('04028', 'ศิวานนท์', 'สี่สุวรรณ'),
('04029', 'สมโภชน์', 'ยืนมั่น'),
('04030', 'จิรัชยา', 'กลิ่นแก้ว'),
('04032', 'ธัญลักษณ์', 'ต้นคำ'),
('04033', 'ศรีประไพ', 'พลยศ'),
('04035', 'ณิชยาณัฏฐ์', 'พลอยพันธ์'),
('04040', 'ธันย์ชนก', 'สุรินทร์'),
('04041', 'มานิตา', 'สุรพงษ์รักตระกูล'),
('04042', 'พุฒธิพงษ์', 'กรแก้ว'),
('04045', 'ฆนาคม', 'วินิจฉัยกุล'),
('04046', 'ทศพร', 'ยิ่งยอด'),
('04050', 'ขนิษฐา', 'ธัญเชียงพิณ'),
('04051', 'เบญจพร', 'สาครสุคนธ์'),
('04052', 'ดารินทิพย์', 'คำวัง'),
('04053', 'เฉลิมวุฒิ', 'ผานัด'),
('04054', 'บัญชา', 'แก้วก่อง'),
('04055', 'ศิรินทรา', 'หอมเย็น'),
('04057', 'ปรัชญาวุฒิ', 'งามงอน'),
('04058', 'อภิวัฒน์', 'พันเทศ'),
('04059', 'กนกวรรณ', 'ไฮวัง'),
('04060', 'เบญจวรรณ', 'บุญอินทร์'),
('04061', 'ปิยะนุช', 'เมฆลา'),
('04062', 'กรรณิกา', 'จันทพานิชย์'),
('04063', 'เกียรติศักดิ์', 'ปัดถา'),
('04064', 'สรายุทธ', 'เล็กขำ'),
('04065', 'ภูวดล', 'ศรีตะวัน'),
('04066', 'ภัสสร', 'คำล้าน'),
('04067', 'ศิรินันท์', 'กอคูณ'),
('04068', 'ฉัตฑามาศ', 'คำมั่น'),
('04069', 'หนูพัฒน์', 'ขนทอง'),
('04070', 'สุดารัตน์', 'พิมา'),
('04071', 'หนึ่งฤทัย', 'จันทะเกษ'),
('04072', 'วชิราณี', 'มาลัย'),
('04073', 'สกาวรัตน์', 'พุ่มแก้ว'),
('04074', 'อรวรรณ', 'ทองจันทร์'),
('04075', 'อมรชัย', 'กล้าณรงค์'),
('04076', 'นิรันดร์', 'ดาบสีพาย'),
('04077', 'จิรพงษ์', 'แสนทวีสุข'),
('04078', 'อนุชา', 'สุวรรณพัฒน์'),
('04079', 'ชลทิศ', 'ใจสำริด'),
('04080', 'ตำนาน', 'กอคูณ'),
('04081', 'ประภาพร', 'พุ่มแก้ว'),
('04082', 'ศุภษร', 'วารินทร์'),
('04083', 'กัลยาณี', 'พรหมประเสริฐ'),
('04084', 'ขวัญฤทัย', 'สมเสนาะ'),
('04085', 'จิราพรรณ', 'พูลพันธ์'),
('04086', 'วัชราภรณ์', 'สุขสนิท'),
('04087', 'กาญจนา', 'พรมเสมอ'),
('04088', 'นพมาศ', 'พรมสังข์'),
('04091', 'ธงชัย', 'นุ่มนวล'),
('04092', 'จุฑาทิพย์', 'คงปลื้ม'),
('04093', 'สายวรุณ', 'คำเงิน'),
('04094', 'จีระนันท์', 'พงษ์เส็ง'),
('04095', 'อัจฉรา', 'แก้วนิน'),
('04096', 'อภิญญา', 'นาจาน'),
('04097', 'จักรพงษ์', 'นาเทียมเขตต์'),
('04098', 'สุภาวดี', 'เวียงดินดำ'),
('04099', 'ศุภชัย', 'คำหล่อ'),
('04100', 'นิพนธ์', 'สนณรงค์'),
('04101', 'ศักดิ์ชัย', 'บำรุงพงษ์'),
('04102', 'โฆษิต', 'พรมเพ็ญ'),
('04103', 'วิทยา', 'อินธิมาศ'),
('04104', 'สุธาทิพย์', 'ทองอ้ม'),
('04105', 'สรายุทธ', 'แสงทอง'),
('04106', 'นิติพงษ์', 'หารจริง'),
('04108', 'วนิดา', 'วังสันต์'),
('04109', 'อาภาภรณ์', 'ป้องกัน'),
('04110', 'สุดารัตน์', 'โพนชัยยา'),
('04111', 'มนัธพงษ์', 'อำพรัตน์'),
('04112', 'ธนพล', 'วงค์พุทธะ'),
('04113', 'ธนวัตร์', 'คนขยัน'),
('04114', 'นิเวศน์', 'ทุมยา'),
('04115', 'สถาพร', 'ประวันเนา'),
('04116', 'ศรายุทธ', 'ผูกพันธ์'),
('04117', 'สิทธิศักดิ์', 'แก้วบุตรดี'),
('04118', 'สุรศักดิ์', 'มอสันเทียะ'),
('04119', 'อลิษา', 'คำบุญมา'),
('04120', 'ประเทือง', 'จิตรนอก'),
('04121', 'มงคล', 'หาญชนะ'),
('04122', 'วิชิต', 'โพธธนาธิป'),
('04123', 'วรรณิศา', 'ศรีหะวงษ์'),
('04124', 'สุวิกร', 'ปัดกอง'),
('04125', 'อิสรา', 'หงษ์คำ'),
('04126', 'กฤษติยา', 'ชูฉัฏฐะ'),
('04127', 'เขมจิรา', 'กาตาคำ'),
('04128', 'อริษา', 'เหือดไธสง'),
('04129', 'ภูริเดช', 'หม่องลำปาง'),
('04130', 'อนุชาติ', 'จันทร์ใส'),
('04131', 'ภัสพล', 'ชนิวงศ์'),
('04132', 'วัชรินทร์', 'มินไธสง'),
('04133', 'สุวัจน์ชัย', 'แก้วนิล'),
('04135', 'จริยา', 'มุระศรี'),
('04136', 'ศศิวิมล', 'รัตนกุล'),
('04137', 'ชุดาพร', 'เยาวบุตร'),
('04138', 'ปวีณา', 'บัวสี'),
('04139', 'วิดารัตน์', 'เหลากลม'),
('04140', 'ปิติมาส', 'แสนทวีสุข'),
('04141', 'รัตติยา', 'มีวงษ์'),
('04142', 'ปภัสสร', 'สาคร'),
('04143', 'กรรณิกา', 'น่านคำ'),
('04144', 'สุทน', 'บิลทะศรี'),
('04146', 'วาสนา', 'ทองติ่ง'),
('04156', 'นครินทร์', 'ศรีโยวงศ์'),
('04161', 'ภัทระ', 'มั่นจิต'),
('04162', 'พัชริดา', 'ศรีจันทนากุล'),
('04163', 'ภัทรวรรณ', 'อาวรณ์'),
('04164', 'วสวัตติ์', 'ชัยสงคราม'),
('04165', 'กชพร', 'เกตุประยูร'),
('04167', 'อาทิตย์', 'อุประ'),
('04168', 'วัฒนชัย', 'อวรัญ'),
('04171', 'พิวาริน', 'นุชประมูล'),
('04172', 'อรณิช', 'สันติพงศ์ศุภกร'),
('04174', 'ศักดา', 'เกลาเกลี้ยง'),
('04175', 'สุภาวดี', 'วงษ์วิลาศ'),
('04177', 'อรวรรณ', 'หมดดี'),
('04178', 'พิชญา', 'แสงอำไพ'),
('04181', 'สุพัตรา', 'บำรุงเชื้อ'),
('04184', 'ณัฐพล', 'รูปคม'),
('04185', 'เศรษฐศาสตร์', 'โวหารกล้า'),
('04186', 'สิทธิศักดิ์', 'งามศิริ'),
('04188', 'ลำไพ', 'รจนัย'),
('04190', 'วโรดม', 'ยันตะคุ'),
('04191', 'ธนารักษ์', 'จันทร์อ่อน'),
('04192', 'อนุชิต', 'หาเวลี'),
('04193', 'เวทิน', 'อันทะราสี'),
('04194', 'สิทธา', 'ป้องโรคา'),
('04195', 'ทรงเกียรติ์', 'เกตุแก้ว'),
('04196', 'รัชนีกร', 'สีล้อม'),
('04197', 'วารี', 'สุขโส'),
('04198', 'วันวิสาข์', 'ประฮาดไชย'),
('04199', 'อภัสรา', 'เลาหภารากร'),
('04200', 'ปนัดดา', 'ชาวเวียง'),
('04201', 'กรรณิการ์', 'บุญทอง'),
('04202', 'สุนิษา', 'สิทธิเลาะ'),
('04203', 'วารุณี', 'แก้วกัณหา'),
('04204', 'เกษร', 'กุณรักษ์'),
('04205', 'สุลักษณ์', 'จิตไทย'),
('04206', 'ชฎาพร', 'ทองหาญ'),
('04207', 'วรเชษฐ์', 'ทักเท'),
('04209', 'ศรัณยู', 'คงเจริญ'),
('04210', 'ปิยะนัฐ', 'สิงเทพ'),
('04211', 'ธีรพงศ์', 'วิโรจน์รัตน์'),
('04212', 'สุรีย์ภรณ์', 'เจือสุข'),
('04213', 'อนันต์', 'ไทยเจริญ'),
('04214', 'ประภัสสร', 'ทองแท่ง'),
('04215', 'สุธาสินี', 'สำเภา'),
('04216', 'เอกพล', 'วิรุพูล'),
('04217', 'ณัฐภัทร', 'สุมรัมย์'),
('04218', 'ธวัช', 'ผาพองยุ่น'),
('04219', 'สมร', 'คะชะเสน'),
('04220', 'ธีรวิทย์', 'ชัยบุตร'),
('04221', 'กฤษดา', 'วงคำ'),
('04222', 'ณัฐพล', 'คำชัย'),
('04224', 'ชาญชัย', 'ไชยมงคล'),
('04225', 'อภิ', 'กุลวงศ์'),
('04226', 'นรินทร์รัตน์', 'นีระกุล'),
('04227', 'มีนา', 'ผาสิน'),
('04228', 'พรพันธ์', 'ศรีพันธ์ภูมิ'),
('04229', 'ขนิษฐา', 'แสงทับทิม'),
('04230', 'สมนภา', 'ดีน้อย'),
('04231', 'กนกวรรณ', 'ทองทิพย์'),
('04232', 'ลลิตา', 'ปัญญาดี'),
('04233', 'อารียา', 'เที่ยงกินรี'),
('04234', 'นิภาพร', 'ยาหอม'),
('04235', 'ชลทวัช', 'สอนเสน่ห์'),
('04236', 'สถาพร', 'รอดคุ้ม'),
('04237', 'อมรา', 'แสนบุตร'),
('04238', 'มรุเดช', 'แดนไธสง'),
('04239', 'อารียา', 'น้อยสำราญ'),
('04240', 'ธีระพงษ์', 'คำแน่น'),
('04241', 'บุญรัตน์', 'เย็นพรม'),
('04242', 'นันทพร', 'ทองเทพ'),
('04243', 'นันทิยา', 'นาจาน'),
('04244', 'มรกต', 'บำรุงพันธ์'),
('04245', 'สุรีวัลย์', 'ศรีจันทร์อ่อน'),
('04246', 'สุริยา', 'ชาลี'),
('04247', 'รัตนพล', 'มั่นวงศ์'),
('04248', 'ชุติมา', 'อินจำปา'),
('04249', 'เจนจิรา', 'มาตรา'),
('04250', 'อนุชา', 'จันทร์หอม'),
('04251', 'วัชสุพล', 'เพ็ญพิมพ์'),
('04252', 'สมเดช', 'แรมกระโทก'),
('04253', 'กรรณิการ์', 'โตแดง'),
('04254', 'สมพงษ์', 'ผาดี'),
('04255', 'วุฒิไกร', 'ส่งเสริม'),
('04256', 'จักรพันธ์', 'ขำชัยภูมิ'),
('04257', 'วรพจน์', 'สุวรรณสนธิ์'),
('04258', 'อภิสรา', 'แวงคำ'),
('04259', 'อติชาติ', 'กังวาล'),
('04260', 'ประจวบ', 'ประกิ่ง'),
('04261', 'ปวีณา', 'เคนพุทธา'),
('04262', 'จุฑารัตน์', 'โพธิจันทร์'),
('04263', 'ประมวล', 'ซาสอนตา'),
('04264', 'สุนิสา', 'รักชาติ'),
('04265', 'เกียรติศักดิ์', 'ไชยริบูรณ์'),
('04266', 'กิตติศักดิ์', 'มักทองหลาง'),
('04267', 'เพชรรัตน์', 'แก้วสุขใส'),
('04268', 'วิจิตรา', 'ศรีลา'),
('04269', 'ทิพวรรณ', 'ศิริญาณ'),
('04270', 'นิภาภรณ์', 'บุญธรรม'),
('04271', 'ธนชัย', 'ศรัทธาคลัง'),
('04272', 'นิรุต', 'พันธ์ภูงา'),
('04273', 'อภิวัฒน์', 'นิ่มสังข์'),
('04275', 'ชัยมงคล', 'สันทวี'),
('04276', 'วีรลักษณ์', 'จิตวิสุทธิ์'),
('04277', 'คมสัน', 'รุ่งเรือง'),
('04278', 'ปิยมาส', 'พูพิลึก'),
('04279', 'อนุสรา', 'สุรสุข'),
('04280', 'ลักษณา', 'อินทร์หอม'),
('04281', 'อุษา', 'วงษ์ชมภู'),
('04282', 'ณวพร', 'ไชยกรรณ์'),
('04283', 'ชมัยพร', 'เข็มพันธ์'),
('04284', 'อรวรรณ', 'หน่อแก้ว'),
('04285', 'กัญญารัตน์', 'อินต๊ะจักร'),
('04286', 'กำพล', 'อุ่นถิ่น'),
('04288', 'ศิริพงษ์', 'มาฤทธิ์'),
('04289', 'สันทนา', 'ทิลาธรรม'),
('04290', 'ทิพวรรณ', 'ผาอินดี'),
('04292', 'สุพจน์', 'วงค์คำตุ้ย'),
('04293', 'พิศาล', 'แก้วกล้า'),
('04294', 'ธนธรณ์', 'วระโคตร'),
('04295', 'ธงชัย', 'สิงห์พา'),
('04296', 'พีรพัฒน์', 'วิเศษกูล'),
('04298', 'รุ้งลาวัลย์', 'สิงห์ก้อม'),
('04299', 'รัชนี', 'เยือกเย็น'),
('04300', 'นิภาพร', 'ปลุกใจ'),
('04301', 'พันธ์ทิพย์', 'สมุทร'),
('04302', 'จริยา', 'ศุภสุข'),
('04304', 'สุพจน์', 'ทองโสม'),
('04308', 'ธวัชชัย', 'สุทธิชวาลกุล'),
('04309', 'ชลัท', 'ชีวสุทธิพงศ์'),
('04310', 'ไชยศิริ', 'เหล่าพิริยะวัฒน์'),
('04312', 'วิจิตรา', 'เมตตามตะกุล'),
('04314', 'สิรณัฐ', 'นิทธาศิริรักษ์'),
('04320', 'ศุกลวัฒน์', 'คงรักษ์'),
('04323', 'พีระพงษ์', 'พลพิลา'),
('04324', 'วิจิตรา', 'พิกุลแก้ว'),
('04327', 'ณัฐพล', 'ธีระเกษตรสกุล'),
('04330', 'กมลา', 'ธรรมรัตนากร'),
('04337', 'อรทัย', 'สุโภภาค'),
('04338', 'ธีระวัฒน์', 'พัดทาบ'),
('04339', 'พัชญาภรณ์', 'นกงาม'),
('04340', 'ศิตาพัชญ์', 'ฉายาวาท'),
('04341', 'พรนภา', 'บุญอารีย์'),
('04342', 'ธนากร', 'หนองผา'),
('04343', 'ณัฐวุฒิ', 'สารสม'),
('04344', 'จามร', 'สิงใส'),
('04345', 'วุฒิพงษ์', 'จ้อยนุแสง'),
('04346', 'ณัฐรากรณ์', 'จำปา'),
('04347', 'มลนรินทร์', 'แก้วละมุน'),
('04348', 'ลำภู', 'ทะเลิงรัมย์'),
('04349', 'จริยา', 'ทำขุรู'),
('04350', 'จตุรัตน์', 'ภูมินอก'),
('04351', 'เอกพันธ์', 'พ่ออามาตย์'),
('04352', 'ปริพัฒน์', 'กมลพัฒนะ'),
('04353', 'โกสินทร์', 'สัตย์ฌุชนม์'),
('04354', 'ทัศทร', 'พื้นผา'),
('04355', 'มุกดา', 'มีหนองหว้า'),
('04356', 'สวรรยา', 'เชื้อเมือง'),
('04357', 'ศุวนันท์', 'เฉลิมศิล'),
('04358', 'เทพฤทธิ์', 'พิมพานิช'),
('04359', 'ธีรพงษ์', 'ชมชิต'),
('04360', 'พงษ์ศักดิ์', 'อ้วนผิว'),
('04361', 'พนิดา', 'ต่วนกระโทก'),
('04362', 'วิภาพร', 'นนท์กลาง'),
('04363', 'กาญจนา', 'จงกลกลาง'),
('04364', 'วันวิสา', 'มีไทย'),
('04365', 'นิตยา', 'กอบัว'),
('04366', 'สถาพร', 'คงโท'),
('04367', 'ธานี', 'ศรีจำปา'),
('04368', 'รัชนีกร', 'ใจกล้า'),
('04369', 'จันทร์นภา', 'สมสวย'),
('04370', 'ศิรินันต์', 'แห่งธรรม'),
('04371', 'สโรชา', 'ชุมนวล'),
('04372', 'วราวุธ', 'อไภราช'),
('04373', 'สร้อยระย้า', 'ดวงไข'),
('04374', 'อมรรัตน์', 'สายเนตร'),
('04375', 'พิสมัย', 'จำนงใจ'),
('04376', 'วิไลลักษณ์', 'เภาปงทา'),
('04377', 'อุไรพร', 'บุตรวงค์'),
('04378', 'กิตติศักดิ์', 'ขวัญมา'),
('04379', 'ปภัสราภรณ์', 'ดอนเหนือ'),
('04380', 'สุรีมาศ', 'หกประโคน'),
('04381', 'อังคาร', 'ทรงชัย'),
('04382', 'อรรถวุฒิ', 'ขุนนากลัด'),
('04383', 'สายรุ้ง', 'เกื้อรัมย์'),
('04384', 'ธีรวัฒน์', 'มีวิชา'),
('04385', 'สิทธิชัย', 'ถมทอง'),
('04386', 'มงคล', 'พรไชยสงค์'),
('04388', 'อนิรุธ', 'วงษ์สวัสดิ์'),
('04389', 'นิยม', 'อินจำปา'),
('04390', 'ศุภชัย', 'พาเรือง'),
('04391', 'ทนงศักดิ์', 'บัวใหญ่'),
('04392', 'ณรงค์', 'หลักดี'),
('04394', 'สมศักดิ์', 'จำปาศรี'),
('04396', 'นิพาภรณ์', 'พลศรี'),
('04397', 'ลำพูน', 'วงษาชัย'),
('04398', 'กนกพิชญ์', 'จันทร์เวียง'),
('04399', 'อัศราภรณ์', 'ถนอมเชื้อ'),
('04400', 'นิสาชล', 'สมอ'),
('04401', 'ทนงศักดิ์', 'ถนอมสัตย์'),
('04402', 'วุฒิชัย', 'ดวงไข'),
('04403', 'ธารารัตน์', 'พุ่มจันทร์'),
('04404', 'กฤษณา', 'ชุมสิงห์'),
('04405', 'ละอองดาว', 'สมดวงศรี'),
('04406', 'จันทร์จิรา', 'จันทะเกต'),
('04407', 'กฤติเดช', 'คำพรม'),
('04408', 'พัชราภรณ์', 'น้อยวงศ์'),
('04409', 'อรกิริยา', 'วงทองนิล'),
('04410', 'นุชฎา', 'ผายาด'),
('04412', 'เกียรติศักดิ์', 'แก้วมาลา'),
('04413', 'อรณี', 'อ่อนรัมย์'),
('04414', 'นิพนธ์', 'คันชั่งทอง'),
('04415', 'มนตรี', 'เรือนเจริญ'),
('04416', 'ทองอ่อน', 'แสงเพชร'),
('04417', 'อริยา', 'มั่นจิตร์'),
('04418', 'สุรสิทธิ์', 'โลเตียะนัน'),
('04419', 'เฉลิมชัย', 'เกษมีปิ่น'),
('04420', 'พัชรินทร์', 'บุญโชติ'),
('04421', 'ชาตรี', 'อังคะนาวิน'),
('04422', 'คมสันต์', 'สิงคเวหน'),
('04423', 'จันทร์จิรา', 'แก่นนาคำ'),
('04424', 'ฐิตินันท์', 'บุญโคกล่าม'),
('04425', 'ชิดชัย', 'ทัพกระเสพ'),
('04426', 'แก้วกาญจน์', 'ตะเคียนราม'),
('04427', 'จริยา', 'ภูมูลนา'),
('04428', 'วันเพ็ญ', 'ผลมี'),
('04429', 'อภินันท์', 'หอมหวล'),
('04430', 'พลกฤต', 'ชัยภูธร'),
('04431', 'นาตยา', 'แสนเหลา'),
('04432', 'จุรีพร', 'ทองวงสา'),
('04433', 'ปภัสรา', 'วินทะไชย'),
('04434', 'ปิวทอง', 'สำราญ'),
('04435', 'ธีรวัตร', 'ปัดภัย'),
('04436', 'สุนี', 'ทานุกรม'),
('04437', 'อรทัย', 'สาระปัญญา'),
('04438', 'พงษ์ศักดิ์', 'ศรีวิไล'),
('04440', 'ธวัชชัย', 'ใจดี'),
('04441', 'จตุรงค์', 'ศรีไลรัมย์'),
('04442', 'คฑวุธ', 'ศรีบุญเรือง'),
('04443', 'จาตุรงค์', 'ชลประคอง'),
('04444', 'ราเชน', 'อชิรนันกุลธาดา'),
('04445', 'จักรี', 'ทองเย็น'),
('04446', 'นาตยา', 'น้อยวงค์'),
('04447', 'รุ่งทิวา', 'ศรีทาถุ่ง'),
('04448', 'พัชรา', 'นนท์ศิริ'),
('04449', 'นวพร', 'นามด้วง'),
('04450', 'ศศิธร', 'คะตะวงษ์'),
('04451', 'ณัฐพล', 'โพธิ์พา'),
('04452', 'วิรวัฒน์', 'มณีจันทร์'),
('04453', 'บุญประครอง', 'แสนทวีสุข'),
('04454', 'วุฒิไกร', 'บุตรบัว'),
('04455', 'ไมตรี', 'เนตรพงษ์'),
('04456', 'วราวุฒิ', 'รองสำลี'),
('04457', 'จิราพร', 'ชุมสิงห์'),
('04458', 'สุนิสา', 'วาจาสัตย์'),
('04459', 'อโณทัย', 'นามเทพ'),
('04460', 'สุปราณี', 'เชื้อแน่น'),
('04461', 'อัสนันท์', 'รัศมีโกศิล'),
('04463', 'ศรายุทธ', 'วรพต'),
('04464', 'คมกฤช', 'ป้องปาน'),
('04471', 'กุลโชค', 'บุญสุขสม'),
('04473', 'จิรายุส', 'แก้วชมภู'),
('04475', 'ดลใจ', 'หัตถประนิตย์'),
('04477', 'ธรรมวัฒน์', 'สกลพรรค'),
('04478', 'ชนาธิป', 'ชาลีคาร'),
('04482', 'ภัทรา', 'พลอยงาม'),
('04483', 'ณัฐสุดา', 'เต้าชัยภูมิ'),
('04484', 'ศรัณย์', 'ธุระการ'),
('04486', 'กิรณา', 'เพชรอารินทร์'),
('04487', 'ภิญญาพัชญ์', 'กอบัว'),
('04488', 'ปพิชญา', 'โพธิ์แดง'),
('04493', 'รัฐพงศ์', 'ยอดยิ่ง'),
('04495', 'ปัณณปวัฒน์', 'เบ้าจันทร์'),
('04497', 'วชิรวิชญ์', 'อมรเดชาพล'),
('04498', 'สันติ', 'มีสุข'),
('04499', 'รัตนาพร', 'ศรีมันตะ'),
('04500', 'เอนก', 'บุญอาจ'),
('04501', 'วัฒนา', 'บุญหล้า'),
('04502', 'จตุพล', 'ศรีจำปา'),
('04503', 'อรริษา', 'สุดแก้ว'),
('04504', 'พนมรุ้ง', 'ผิวเหลือง'),
('04505', 'อุเทน', 'ภูพวก'),
('04506', 'พิพัฒน์', 'ดำปอด'),
('04507', 'พิรัญญา', 'แสงศรีจันทร์'),
('04508', 'ชัยรวัฒน์', 'แก้วอนันต์'),
('04509', 'ณรงค์เดช', 'สวัสดิ์'),
('04510', 'เชิดศักดิ์', 'อินเขียวสาย'),
('04512', 'ภาคินัย', 'มะลิยัต'),
('04513', 'สุริยา', 'คุณธะนา'),
('04514', 'ปัทมวรรณ', 'สาคร'),
('04515', 'นฤมล', 'ม่วงศิลา'),
('04516', 'เอกนรินทร์', 'คำกลอน'),
('04517', 'เปรมฤดี', 'สีโคกกลาง'),
('04518', 'พงศธร', 'พรมณี'),
('04519', 'วสันต์', 'จันทร์แก้ว'),
('04520', 'นันธิวา', 'อดีดรัมย์'),
('04521', 'ทวี', 'วิลัยศรี'),
('04522', 'รุ่งเพชร', 'หนูหล่า'),
('04523', 'รัตนา', 'วงษ์ทอง'),
('04524', 'สังวาลย์', 'สกุลสุข'),
('04525', 'สุดารัตน์', 'ฉ่ำดำ'),
('04526', 'สุภาวดี', 'ตรีเพชร'),
('04527', 'อุมา', 'ไกรพงษ์'),
('04528', 'วิชุดา', 'ขันธ์แก้ว'),
('04529', 'ปิยะณัฐ', 'เข็มเงิน'),
('04530', 'อรรถพล', 'ลาเบาะ'),
('04531', 'กนกอร', 'ชาวมูล'),
('04532', 'วิชุดา', 'กิ่งวรรณ'),
('04533', 'สุพรรษา', 'พุ่มจันทร์'),
('04534', 'กนกพิชญ์', 'โชติรัตน์'),
('04535', 'อรอนงค์', 'นาจาน'),
('04536', 'สุธิดา', 'พุ่มรัก'),
('04537', 'ทิพวรรณ', 'สร้างคำ'),
('04538', 'อรทัย', 'คำงาม'),
('04539', 'สุริยา', 'แสงศิริ'),
('04540', 'จีราวัฒน์', 'ท้วมแก้ว'),
('04541', 'วันเฉลิม', 'มัครมย์'),
('04542', 'ธัญญา', 'เหียมหึก'),
('04543', 'สุรเดช', 'มากระจันทร์'),
('04544', 'ธวัชชัย', 'บุญหล้า'),
('04545', 'เอกนารี', 'อบคำ'),
('04546', 'สิทธาวุฒิ', 'บุญเย็น'),
('04547', 'จุไรรัตน์', 'คะณาสา'),
('04548', 'วิดาวรรณ', 'คำคง'),
('04549', 'พิกุล', 'ลาภประเสริฐ'),
('04550', 'มิตรไมตรี', 'ศรีลาน'),
('04551', 'สุภาวรรณ', 'มุ่งสิน'),
('04552', 'ขนิษฐา', 'ศรีโม่ง'),
('04553', 'วิลัยพร', 'เหลากลม'),
('04554', 'พีรวัฒน์', 'ต้นสุข'),
('04555', 'อมราวดี', 'จันทร์ตน'),
('04556', 'สุทัศน์', 'สุขกะจะ'),
('04557', 'เกรียงศักดิ์', 'คำไล้'),
('04558', 'สิทธิศักดิ์', 'คำวิสัย'),
('04559', 'สุจิตรา', 'สิงห์โนนเชือก'),
('04560', 'ใหม่', 'ทองศรี'),
('04561', 'อัคราช', 'วงษาชัย'),
('04562', 'พงษ์จรัส', 'ก้อนคำ'),
('04563', 'กิตติศักดิ์', 'ห้วยทราย'),
('04564', 'นิรันดร์', 'ต่วนพิมาย'),
('04565', 'สุมาลี', 'เสนาฤทธิ์'),
('04566', 'อาทิตย์', 'สุจริต'),
('04567', 'สุดารัตน์', 'สีทะ'),
('04568', 'กิ่งแก้ว', 'นาทองบ่อ'),
('04569', 'ปนัดดา', 'นัยวงศ์'),
('04570', 'สุรินทรา', 'เหิมฮึก'),
('04571', 'มณฑิตา', 'โสมเสนาะ'),
('04572', 'ณัฐกมล', 'ล้อมใจสิทธิ์'),
('04573', 'นำพล', 'แก้วเกตุ'),
('04574', 'วิภาพร', 'ขอมีกลาง'),
('04575', 'สมชาย', 'ชุ่มเกตุ'),
('04576', 'วุฒิชัย', 'พงษ์อนันต์'),
('04577', 'ชาลี', 'วันดี'),
('04578', 'อรวรรณ', 'ศรีทา'),
('04579', 'วาสนา', 'สุเสนา'),
('04580', 'ทินกร', 'ทองตัน'),
('04581', 'สุทธิพร', 'นาแถมเพ็ชร'),
('04582', 'ชัยวัฒน์', 'วิศักดิ์'),
('04583', 'สิทธิชัย', 'กาบแก้ว'),
('04584', 'อุไรวรรณ', 'วงเบาะ'),
('04585', 'ทรรศพร', 'ขุนจันทร์'),
('04586', 'ปาริชาติ', 'หมื่นท้าว'),
('04587', 'มงคล', 'ซุยจันทึก'),
('04589', 'เจตน์', 'เพียลาภ'),
('04590', 'ปิยะพร', 'พั้วลี'),
('04591', 'อานนท์', 'ละมุลมอญ'),
('04592', 'อรรถพล', 'เจริญศรี'),
('04593', 'บรรชา', 'เด่นดวงเดือน'),
('04594', 'บริรักษ์', 'วิมลเมฆ'),
('04595', 'ศศิประภา', 'ชุ่มเย็น'),
('04596', 'สุวรรณา', 'ทุมมา'),
('04597', 'อัญชลีพร', 'สอนสุข'),
('04598', 'เกศประภา', 'พรมกลาง'),
('04599', 'ชัยพร', 'มีโชค'),
('04601', 'นฤมล', 'แสนบัวคำ'),
('04603', 'พัชรินทร์', 'ขันธเนตร'),
('04604', 'กชมน', 'ตุ้มบุญ'),
('04605', 'อัญชลี', 'บัวแสน'),
('04606', 'พนิดา', 'พุ่มจันทร์'),
('04607', 'อัญชลี', 'มนุษย์'),
('04608', 'วิชาญ', 'กอคูณ'),
('04609', 'พรทิวา', 'สีสุขทอ'),
('04610', 'นฤมล', 'ชาตรี'),
('04611', 'ศิริพร', 'นวลภักดี'),
('04612', 'จิตติญานันท์', 'มิ่งมูล'),
('04613', 'ปวีณา', 'สุดเดช'),
('04616', 'ภัคพล', 'อุดมโชค'),
('04617', 'ณัฐพล', 'สกุลธนกฤช'),
('04622', 'ปานทวี', 'อภัยจิต'),
('04623', 'สุญาณี', 'ศรีรักษา'),
('04624', 'ศิรินภา ', 'วิสุทยา'),
('04625', 'เรวัตร', 'ทองด่านเหนือ'),
('04627', 'จิระชัย', 'หมอกโพธิ์'),
('04628', 'ปริชญา', 'เวียงสมุทร'),
('04630', 'สหรัฐ', 'โพเทพา'),
('04631', 'นิสา', 'จันทร์กระจ่าง'),
('04636', 'ชวนากร', 'จรดรัมย์'),
('04640', 'พลอยไพลิน', 'เตี๋ยวสกุล'),
('04641', 'ขวัญนภาพร', 'มิ่งขวัญ'),
('04642', 'สุรัตน์สวดี', 'แสงทอง'),
('04644', 'จิระภา', 'นามเสาร์'),
('04646', 'ทัศนัย', 'คะปัญญา'),
('04647', 'ศิริพร', 'ศรีพรหม'),
('04648', 'สุทธิพงษ์', 'บุญเขียว'),
('04649', 'กิตติพงษ์', 'นวลสันเทียะ'),
('04650', 'สุวิมล', 'บุญเลิศ'),
('04651', 'สัตยา', 'มีวงค์'),
('04652', 'ธีรพล', 'มีลาภ'),
('04653', 'จุรีภรณ์', 'มากมาย'),
('04654', 'จันจิรา', 'ตะโกสีย์'),
('04655', 'กุสุมา', 'อินทปัญญา'),
('04656', 'สุพัฒตรา', 'สุวรรณเพ็ง'),
('04657', 'ดวงใจ', 'ทุมมานาม'),
('04658', 'สุรพล', 'รวมพร'),
('04659', 'จักรกฤษ', 'นามนาง'),
('04660', 'อรอุมา', 'บุตรชานนท์'),
('04661', 'นันทวัฒน์', 'คงเจริญ'),
('04662', 'ขวัญฤทัย', 'สมพร'),
('04663', 'วรรณภา', 'ทองจันทร์'),
('04664', 'วิชัย', 'ตรีรัตน์'),
('04665', 'ชญานิน', 'แสงแดง'),
('04666', 'ศิริพร', 'เทียมมิตร'),
('04667', 'สมปอง', 'กลมลดี'),
('04668', 'สุรเชษฐ์', 'สินสงวน'),
('04669', 'วัชรีย์', 'เหง้าที'),
('04670', 'พงศธร', 'ผิวเงิน'),
('04671', 'ชัยสิทธิ์', 'จันสุตะ'),
('04672', 'จุรีพร', 'เนยดอน'),
('04673', 'วิภาดา', 'จันทร์ทอง'),
('04674', 'ชนิดา', 'วรรณพรม'),
('04675', 'อภิญญา', 'ชูฉัฏฐะ'),
('04676', 'เสาวลักษณ์', 'แย้มสำรวล'),
('04677', 'สิทธิชัย', 'ชัยสงคราม'),
('04678', 'สุนทรี', 'ผือลองชัย'),
('04679', 'ภัชริดา', 'จันทร์หอม'),
('04680', 'วิชุดา', 'มีหลง'),
('04681', 'พุฒินันท์', 'ทองแบบ'),
('04682', 'เทิดศักดิ์', 'แก้ววัน'),
('04683', 'ฐิติพร', 'ฆ้องคำ'),
('04684', 'อาทิตย์', 'อานไธสง'),
('04685', 'ชนะชล', 'ทุมมา'),
('04686', 'อาภาสร', 'วรสาร'),
('04687', 'โกมินทร์', 'เคียงรัมย์'),
('04688', 'มัทวัน', 'บัวโชติ'),
('04689', 'สุรัตนา', 'เซ็นนอก'),
('04690', 'สุภาวดี', 'ใต้เขา'),
('04691', 'นิวัฒน์', 'วันโมลา'),
('04692', 'ศุภาพร', 'ต๊ะน้อย'),
('04693', 'วราภรณ์', 'วงศ์ราช'),
('04694', 'วัฒนา', 'สีพา'),
('04695', 'สัญญากร', 'ระอามาต'),
('04696', 'พงศ์ภัค', 'วระกฏ'),
('04697', 'อภิเชษฐ์', 'นาโควงค์'),
('04698', 'ชลิตา', 'ความสวัสดิ์'),
('04699', 'อภิสิทธิ์', 'จุลดาลัย'),
('04700', 'เพ็ญยุพา', 'วาจาสัตย์'),
('04701', 'กนกวรรณ', 'ความสวัสดิ์'),
('04702', 'พงศภัค', 'เวียงดินดำ'),
('04703', 'ปราณวาส', 'ขันทรัพย์'),
('04704', 'มังกร', 'คงปราบ'),
('04705', 'ยอดรัก', 'สีลาเดช'),
('04706', 'อภิชาติ', 'พันชูกลาง'),
('04707', 'นภัสดล', 'เข็มเพ็ชร'),
('04709', 'ภัสสร', 'ประจันทร์'),
('04710', 'รื่น', 'สวายพล'),
('04712', 'ภัทราวดี', 'ศรีรักษา'),
('04713', 'อดิราช', 'ศักดิ์สร้อย'),
('04714', 'ปิยะวัฒน์', 'บุดดีสิงห์'),
('04715', 'พัฒนพงษ์', 'สอนพรหม'),
('04716', 'ทินกร', 'ผลเพิ่ม'),
('04717', 'ทศพร', 'ศรีสมัย'),
('04718', 'มโน', 'สัจสุวรรณ'),
('04719', 'ลษิดา', 'นาชาว'),
('04720', 'พัชรพล', 'จันทะจร'),
('04721', 'พิศมัย', 'พรสุวรรณ'),
('04722', 'กิตติกร', 'บุญจง'),
('04723', 'อารยา', 'ศิริมา'),
('04724', 'เจนณรงค์', 'มังคละ'),
('04725', 'ธีรภัทร', 'เขียวแก่'),
('04726', 'นที', 'สีสม'),
('04727', 'วิภาภัค ', 'สัพโส'),
('04728', 'จุฬารักษ์', 'นุกูลกิจ'),
('04729', 'จารุวรรณ', 'จันทร์ชมภู'),
('04730', 'ศิวาพร', 'บุญตา'),
('04731', 'รัศมี', 'นรดี'),
('04732', 'ชุลีพร', 'ศิริบูรณ์'),
('04733', 'อมรกานต์', 'มั่นจิตร์'),
('04734', 'พัชรินทร์', 'พิมพ์มะวัน'),
('04735', 'สิริกัญญา', 'สุนิลรัมย์'),
('04736', 'เรวัติ', 'หิรัญราศีกุล'),
('04737', 'อภิศักดิ์', 'เชื้อแสดง'),
('04738', 'ธนาภรณ์', 'บุญสวัสดิ์'),
('04739', 'วรรณชนก', 'ฝอดสูงเนิน'),
('04740', 'พัชรินทร์', 'คำวุฒิ'),
('04742', 'กฤษณะ', 'บุญช่วย'),
('04743', 'สกุลทิพย์', 'หงษามารถ'),
('04744', 'ศศิธร', 'คงเกตุ'),
('04745', 'นุจรี', 'ศรีนิล'),
('04746', 'พัชรี', 'เวินชุม'),
('04747', 'สุรศักดิ์', 'นนทะเสน'),
('04748', 'อารยา', 'ธรรมะ'),
('04749', 'วิภาวี', 'บุตรกุล'),
('04750', 'จันทร์จิรา', 'พรอินทร์'),
('04751', 'วิภาวี', 'บุระวงศ์'),
('04752', 'วิทวัส', 'พรอันแสง'),
('04753', 'ณัฎฐภรณ์', 'ขุ่ยทอง'),
('04754', 'นพเกตุ', 'ธุระสิงห์'),
('04755', 'นฤมล', 'สุริยะคำวงษ์'),
('04756', 'จงใจ', 'จันทร์ภิรักษ์'),
('04757', 'กุลปรียา', 'สายยืน'),
('04758', 'เสาวลักษณ์', 'อินทร์จำปา'),
('04760', 'วสุพล', 'หมวดเกตุ'),
('04761', 'จิตรภณ', 'ปรือปรัง'),
('04762', 'อานนท์', 'ดาบสุวรรณ'),
('04763', 'นิภาภรณ์', 'เรืองสุวรรณ์'),
('04764', 'มงคล', 'เอ้บสูงเนิน'),
('04766', 'สุพิชญา', 'พันธุ์เรือง'),
('04767', 'ดวงฤทัย', 'พ่อนามแดง'),
('04768', 'ธัญรัศม์', 'ติใจ'),
('04769', 'ยุทธนา', 'ชานนท์'),
('04770', 'ธีรเจต', 'คำโพธิ์'),
('04771', 'กัณฑิมา', 'หัตถารักษ์'),
('04773', 'กนกรัชต์', 'ดวงประทุม'),
('04774', 'อัญชลี ', 'ธีเหล็ก'),
('04776', 'มณฑิชา', 'ดาราพงษ์'),
('04779', 'ทัตชญา', 'เมธากิตติกูล'),
('04780', 'ทิฆัมพร', 'บัวทอง'),
('04781', 'พิชญ์สินี', 'แจ้งเพียร'),
('04785', 'นวพงษ์', 'นิ่มแย้ม'),
('04786', 'วัชระ', 'ชาญพล'),
('04787', 'ธนพัฒน์', 'หนูรุ่ง'),
('04790', 'กฤษฎา', 'พลตะการ'),
('04791', 'ปิติยะ', 'ประกิ่ง'),
('04792', 'ประดิษฐ์', 'โนรินทร'),
('04793', 'สุภัทรา', 'ดวงวงษา'),
('04794', 'ภาวิณี', 'จันทร์พราหมณ์'),
('04796', 'ปิยพัทธ์', 'พันธุศิริ'),
('04797', 'ศุภสันต์', 'นิรัติกุลชัย'),
('04799', 'สุรชัย', 'รณชัยรุ่งเรือง'),
('04800', 'ศาตพร', 'เรืองแสงรอบ'),
('04801', 'ธนากร', 'นามธานี'),
('04802', 'สุธินทร์', 'ประโยตัง'),
('04803', 'ณัฐภรณ์', 'รักษ์วราภรณ์'),
('04804', 'ศิวกร', 'สุขสวัสดิ์'),
('04808', 'สิทธา', 'ศิริรัตตานนท์'),
('04809', 'อภิวัฒน์', 'บัติประโคน'),
('04810', 'วีระชัย', 'ชัยจันทร์'),
('04811', 'ปวีณา', 'เกษอินสา'),
('04812', 'วีรศักดิ์', 'แถลงกลาง'),
('04813', 'สมพงษ์', 'ฆารวิพัฒน์'),
('04814', 'ศิริพร', 'คงมีสุข'),
('04815', 'บริพัฒน์', 'เรืองชัย'),
('04816', 'ศิวราษ', 'มุ่งมา'),
('04817', 'พูนทรัพย์', 'ศรีวัง'),
('04818', 'เมฆินทร์', 'ประเสริฐสุข'),
('04819', 'นิตยา', 'พรมโยธา'),
('04820', 'สุทธิณี', 'คำพิลัง'),
('04821', 'สุรศักดิ์', 'พจนิตย์'),
('04822', 'ณัฐพล', 'ใจเอิบ'),
('04824', 'วีรภัทร', 'โหวดฉิมพลี'),
('04825', 'ชินวัฒน์', 'วรรณคำผุย'),
('04826', 'นิภา', 'ถาวร'),
('04827', 'วราภรณ์', 'กลิ่นศรีสุข'),
('04828', 'จักรพันธ์', 'สีเขียว'),
('04829', 'แดนชัย', 'ไตยวงค์'),
('04830', 'อดิศักดิ์', 'พันเลียว'),
('04831', 'พิทักษ์', 'พรหมชมชา'),
('04832', 'วิริยา', 'นาสมใจ'),
('04833', 'พงศกร', 'พุทธสอ'),
('04834', 'ศิวาพร', 'ลีพฤติ'),
('04835', 'เดือนเพ็ญ', 'สมานมิตร'),
('04836', 'ปัทมา', 'สุนาคราช'),
('04837', 'อนุชา', 'คงงาม'),
('04838', 'สิทธิเดช', 'นรมาตย์'),
('04839', 'อรพรรณ', 'สายเบาะ'),
('04840', 'สิริยากร', 'สุดโคตร'),
('04841', 'ประภัสสร', 'ธนบุรี'),
('04842', 'สุธิดา', 'วารสินธ์'),
('04843', 'สุมลรัตน์', 'สมเสนาะ'),
('04844', 'เศรษฐกิจ', 'คำภา'),
('04845', 'สุภาพร', 'ซุ้ยเล็ก'),
('04846', 'ศศิธร', 'เขียวหนู'),
('04847', 'ฤทธิ์พงศ์', 'ดีรอด'),
('04848', 'อนุชา', 'สายบัว'),
('04849', 'สุภาพร', 'ใจภักดี'),
('04850', 'นิพนธ์', 'รสหอม'),
('04851', 'วาสนา', 'ล้อมจันทร์'),
('04852', 'ชฎาภรณ์', 'ชุมพล'),
('04853', 'กิตติเทพ', 'พริ้งเพราะ'),
('04854', 'ปานจุรีย์', 'เจริญรัมย์'),
('04855', 'สิริรักษ์', 'ศรีวรสาร'),
('04856', 'พรคม', 'พรหมทอง'),
('04857', 'สุดารัตน์', 'วงค์คำจันทร์'),
('04859', 'รัชนีกร', 'ลีนาค'),
('04860', 'กิ่งแก้ว', 'แสนศิริ'),
('04861', 'ภัทรวดี', 'สร้อยสี'),
('04862', 'พยัคฆ์', 'จักรสาร'),
('04863', 'ธีระพล', 'ภาเรือง'),
('04864', 'ศิริลักษณ์', 'ถาโล'),
('04865', 'กัลยา', 'บุญทอง'),
('04866', 'เพ็ญนภา', 'เถกิงผล'),
('04867', 'จิรพรรณ', 'วรรณสาร'),
('04868', 'พิชิต', 'โสภาสิน'),
('04869', 'สถาพร', 'ปะเววาปี'),
('04870', 'ณัฐริกา', 'เข็มศรี'),
('04871', 'สุภาวดี', 'ใจเพียร'),
('04872', 'วชิรพล', 'กูฏโสม'),
('04873', 'อารยา', 'งามเชื้อ'),
('04874', 'พัชระ', 'ปัตวงศ์'),
('04875', 'ศศิพร', 'ศรีคราม'),
('04876', 'รัชนก', 'โคตจันคำ'),
('04877', 'วิลัยพร', 'วงศ์สุวรรณ'),
('04878', 'วิภาดา', 'มิ่งไชย'),
('04879', 'เจนจิรา', 'มณีจันทร์'),
('04880', 'จุลมะนี', 'คำล้าน'),
('04881', 'สรคม', 'ชินบุตร'),
('04882', 'ปริษา', 'พลนามอินทร์'),
('04883', 'วนิดา', 'เคนมิ่ง'),
('04884', 'ธีรวัฒน์', 'ฉ่ำจิตร'),
('04885', 'สันติชัย', 'จันดำ'),
('04886', 'สิทธิศักดิ์', 'สายสิงห์'),
('04887', 'อัมพร', 'อัครฮาด'),
('04890', 'ธิดาพร', 'ไชยกรณ์'),
('04891', 'ยุทธนา', 'ไทยประโคน'),
('04892', 'พงษ์ศิริ', 'คูณสวัสดิ์'),
('04893', 'รุ่งโรจน์', 'ทองศรี'),
('04894', 'สุรศักดิ์', 'คำมุงคุณ'),
('04895', 'วิชิต', 'ทองรักษ์'),
('04896', 'ขจรศักดิ์', 'บุญนันท์'),
('04897', 'วิชิต', 'มาลัยพวง'),
('04898', 'สุพัตรา', 'พรมอ่อน'),
('04899', 'ลำปาง', 'คำภู'),
('04900', 'สิทธิศักดิ์', 'สุระดะนัย'),
('04901', 'สุชาวดี', 'กะรัมย์'),
('04902', 'ภัทริดา', 'กิ่งผา'),
('04903', 'วิทูร', 'บุญตั้ง'),
('04904', 'กิตติพงศ์', 'แย้มรื่น'),
('04905', 'ณัฏฐณิชา', 'รังสูงเนิน'),
('04906', 'มลฤดี', 'ขาลวงศ์'),
('04907', 'จิราวุฒิ', 'สำราญเริญ'),
('04908', 'ชัยพร', 'เรือนเจริญ'),
('04909', 'วัชระ', 'จันพา'),
('04910', 'ปานระวี', 'สายสมบัติ'),
('04911', 'ธัญญา', 'เดชะคำภู'),
('04912', 'วัลยา', 'บัวใหญ่'),
('04913', 'หฤทัย', 'สงึมรัมย์'),
('04914', 'สิรภพ', 'เกิดเปี่ยม'),
('04915', 'สมประสงค์', 'วัตมะณี'),
('04916', 'สมจิตร', 'บัวงาม'),
('04917', 'เชิดชู', 'เพียโคตรแก้ว'),
('04918', 'อนันต์', 'โพธิ์ศรี'),
('04919', 'จตุพร', 'ด้วงแจ่ม'),
('04920', 'จิรฐา', 'นิธิพงษ์วนิช'),
('04921', 'อรุณี', 'ศรีสวัสดิ์'),
('04923', 'ปัญญ์ธิดา', 'วิชัยอัชชะ'),
('04924', 'นฤพักตร์', 'วรรณพงษ์'),
('04927', 'ตริตาภรณ์', 'ฉายจันทร์'),
('04930', 'วรรณมาศ', 'ควรชื่นใจ'),
('04931', 'มนัสนันท์', 'คำอินทร์'),
('04932', 'สุชีรา', 'คุ้มไข่น้ำ'),
('04934', 'มิตรวรรณ', 'ยะก๊บ'),
('04935', 'ศักดิ์สิทธิ์', 'ปาทา'),
('04936', 'วราภรณ์', 'กามาตย์'),
('04937', 'เสถียร', 'แก้วงาม'),
('04938', 'ปิยะพร', 'ศรีธรณ์'),
('04939', 'สุรศักดิ์', 'โคตรสิมมา'),
('04941', 'กติกา', 'วังหอม'),
('04942', 'สิดาพร', 'บุญทวี'),
('04943', 'นัฐพร', 'นวลอินทร์'),
('04944', 'นราธิป', 'ภูคงน้ำ'),
('04945', 'ศุภลักษณ์', 'พุทธวงค์'),
('04946', 'ภัทราพร', 'แก่นประโคน'),
('04948', 'ศุภลักษณ์', 'คนที'),
('04949', 'บัญชา', 'แพงประโคน'),
('04950', 'อนุพงษ์', 'นาวิเศษ'),
('04952', 'กรานต์ฤดี', 'คำวงค์'),
('04953', 'สุภาวรรณ', 'กันหา'),
('04954', 'อภิวันท์', 'กันนุฬา'),
('04955', 'อรพิน', 'ไผ่ล้อม'),
('04956', 'วีระศักดิ์', 'พงษ์โคกสี'),
('04957', 'อนุสรณ์', 'สมศรี'),
('04958', 'ศศิธร', 'ศรีสุทอ'),
('04959', 'ปรียานุช', 'โนเรืองรัมย์'),
('04960', 'วิทวัส', 'น้อยวงษ์'),
('04961', 'กุลสตรี', 'แสงงาม'),
('04962', 'ประภาสิริ', 'สายบุญสา'),
('04963', 'วรนุช', 'ทุมบาล'),
('04964', 'ธิดาวรรณ', 'โคตคำ'),
('04965', 'สุกัญญา', 'พุ่มแก้ว'),
('04966', 'นภาพร', 'บุญธรรม'),
('04967', 'ทวีศักดิ์', 'วรรณะรัตน์'),
('04968', 'รสสุคนธ์', 'คำสระแก้ว'),
('04969', 'รณชัย', 'ไกยชน'),
('04970', 'อนิทัศน์', 'เกยจอหอ'),
('04971', 'วชิรวิทย์', 'เนื่องมัจฉา'),
('04972', 'ณัฐพล', 'เอกทัน'),
('04973', 'สุจินดา', 'ภูครองหิน'),
('04974', 'ทศพร', 'ดีสม'),
('04975', 'สุริยา', 'ราษีประโคน'),
('04976', 'ศักดิ์ดา', 'ลาศนิรัตน์'),
('04977', 'ทศพร', 'กองแก้ว'),
('04978', 'ภูชิต', 'พรมอินทร์'),
('04979', 'ธงชัย', 'สุขสาม'),
('04980', 'วรรณภา', 'จารัตน์'),
('04981', 'นภาพร', 'ชาเวียง'),
('04982', 'พัฒนา', 'นิลสา'),
('04983', 'นัฐธิดา', 'หมื่นจง'),
('04984', 'จันทร์สุภา', 'งามม้าว'),
('04985', 'พิษณุ', 'บุบผาอาจ'),
('04986', 'จิรยา', 'ศิริดี'),
('04987', 'ลลิตา', 'นัทธีวานิช'),
('04988', 'อมรรัก', 'แก้วแสน'),
('04989', 'เจนจิรา', 'ปิยะไพร'),
('04990', 'จิราภรณ์', 'โยธาวงศ์'),
('04991', 'สุวนันท์', 'ใบบัว'),
('04992', 'ศิริพร', 'สำเภา'),
('04993', 'วชิรวิทย์', 'ยืนมั่น'),
('04994', 'เกษมณี', 'ชะนิวงค์'),
('04995', 'ชัชฎาภรณ์', 'เขตวัฒนานุสรณ์'),
('04996', 'วรายุส', 'สุนาวงษ์'),
('04997', 'วิทวัส', 'วิเศษชาติ'),
('04998', 'นฤมล', 'อนุศิริ'),
('04999', 'ชัยณรงค์', 'อินเต้'),
('05000', 'พรพรรณ', 'มูลสาร'),
('05001', 'จักรวิน', 'ลือคำหาญ'),
('05002', 'วิไลพร', 'แสงเฉวต'),
('05003', 'นพรัตน์', 'สุขแสวง'),
('05004', 'ณัฐพล', 'ประสมศรี'),
('05005', 'อนุพงษ์', 'บุญไทย'),
('05006', 'ชรินทร์', 'ยืนทน'),
('05007', 'นันทนิธี', 'หุ่นรัตน์'),
('05008', 'สิทธิกร', 'ปัทวงค์'),
('05009', 'สโรชา', 'วงษ์ทอง'),
('05010', 'สินิทธา', 'ภู่พร'),
('05011', 'สมพร', 'บัวพันธ์'),
('05012', 'หนึ่งฤทัย', 'อินแปลง'),
('05013', 'อุบลรัตน์', 'ปรางมาศ'),
('05014', 'ปรัชรวี', 'รูปคม'),
('05015', 'เจริญชัย', 'แสงวงค์'),
('05016', 'น้ำฝน', 'โยกัลยา'),
('05017', 'ศิวาวัฒน์', 'ช่วยสุข'),
('05018', 'วุฒิพงศ์', 'ประกิ่ง'),
('05019', 'จุฑามาศ', 'ศรีจำปา'),
('05020', 'กุลธิดา', 'ราชาอาจ'),
('05021', 'สมชาย', 'สีดี'),
('05022', 'กฤษณา', 'เชื้อแน่น'),
('05023', 'นิชานันท์', 'บุญจูง'),
('05025', 'ปภาวรินทร์', 'แป้นทองรอง'),
('05029', 'อิทธิราช', 'สายคำดี'),
('05031', 'ศักดิ์สิทธิ์', 'นิคม'),
('05032', 'ธนากร', 'แนวเวียง'),
('05034', 'ณปภัช', 'โสภณกิตติโชติ'),
('05035', 'อภิสิทธิ์', 'ถือมั่น'),
('05036', 'กันธิชา', 'ชุติกานนท์'),
('05037', 'มนัญญา', 'เมืองกระจ่าง'),
('05038', 'ธนพร', 'โนวยุทธ'),
('05040', 'ชาญวิทย์', 'วิมุกตะลพ'),
('05041', 'สุชัญญา', 'คนิวรานนท์'),
('05042', 'ณัฐชาพร', 'เขมาธร'),
('05043', 'ปรีดาพร', 'ลักขษร'),
('05044', 'นัชญา', 'เที่ยงประดิษฐ'),
('05045', 'อานันท์ชัย', 'แจ้งกิจกุล'),
('05046', 'วศินี', 'ผาสุข'),
('05047', 'ศิวกร', 'มีบุญญา'),
('05048', 'นพพร', 'สังข์นาค'),
('05049', 'ธีรยุทธ', 'งามกิ่ง'),
('05050', 'เอกชาคร', 'โชครัตนวิจิตร'),
('05051', 'ชนาภา', 'ประเสริฐภคิน'),
('05053', 'อรทัย', 'ไชยกุล'),
('05054', 'จิราภรณ์', 'ปานพุ่ม'),
('05055', 'กุลริศา', 'บอขุนทด'),
('05056', 'ธาวิน ', 'ไชยพัฒน์'),
('05057', 'ณรงค์', 'ภู่บัว'),
('05058', 'สุนิต', 'สารสิทธิ์'),
('05060', 'หทัยชนก', 'เสงี่ยมใจ'),
('05061', 'กชกร', 'สุภาพ'),
('05062', 'วันชัย', 'พรมด่าน'),
('05063', 'พงศธร', 'ลามสระน้อย'),
('05064', 'สุวินัย', 'พรมอุก'),
('05065', 'ชรินธาร', 'บัวใหญ่'),
('05066', 'สิทธิศักดิ์', 'จารัตน์'),
('05067', 'ยุรนันต์', 'มังสัง'),
('05068', 'สิทธิศักดิ์', 'พลดงนอก'),
('05069', 'จิรพันธ์', 'แก้วละมุล'),
('05070', 'ลดาวัลย์', 'คำหวัน'),
('05071', 'ศันสนีย์', 'ผันผาย'),
('05072', 'อรสา', 'ตระการจันทร์'),
('05073', 'พีรพงษ์', 'กลมเกลียว'),
('05074', 'อภิสิทธิ์', 'สาวิกัลย์'),
('05075', 'ธนพร', 'จำนงค์'),
('05076', 'สุวัฒน์', 'ขัดคำ'),
('05077', 'มลฤดี', 'ลอยนวล'),
('05078', 'บังอร', 'ทองสด'),
('05079', 'อนุชิต', 'สุวรรณ์'),
('05080', 'บุษยา', 'ธิตา'),
('05081', 'กัลยา', 'สีดก'),
('05082', 'วัฒนา', 'มิ่งไชย'),
('05083', 'ชนิดา', 'สุขเต็มดี'),
('05084', 'จริยา', 'สายมงคล'),
('05085', 'พรนภา', 'สีหนาท'),
('05086', 'หทัยรัตน์', 'มืดอินทร์'),
('05087', 'สมฤทัย', 'สุขหอม'),
('05088', 'เจนจิรา', 'จอมคำสิงห์'),
('05089', 'ปราโมทย์', 'สิงหา'),
('05090', 'ปาราวตรี', 'แจ่มหม้อ'),
('05091', 'นฤเบศ', 'ปัทนาถา'),
('05092', 'สิริดนย์', 'ศรีจันทร์'),
('05093', 'มะลิวรรณ', 'คำศรี'),
('05094', 'คำภีร์', 'คำทองยศ'),
('05095', 'สุกัญญา', 'สายแวว'),
('05096', 'ภานุชนาถ', 'คำห่อ'),
('05097', 'ณัฐพงษ์', 'อินทเส'),
('05098', 'เอกนรี', 'ดินเมืองชล'),
('05099', 'พัชรีพร', 'อ่อนคำ'),
('05100', 'สุนิสา', 'เครือสิงห์'),
('05101', 'สุนิษา', 'สร้อยทอง'),
('05102', 'อารีย์', 'สีลาโล้'),
('05103', 'สุธิชัย', 'สีสัน'),
('05104', 'เสรีภาพ', 'สายบุญ'),
('05105', 'ธวัชชัย', 'นวลทอง'),
('05106', 'ชุติมา', 'พุ่มแก้ว'),
('05107', 'จิดาภา', 'มนัส'),
('05108', 'เก๋นภา', 'นาคำ'),
('05109', 'ปิยะมาศ', 'ศรีวิชัย'),
('05110', 'กาญจนา', 'สุปัญญา'),
('05111', 'วิกลม', 'สำเร็จกิจ'),
('05112', 'หนึ่งฤทัย', 'ลอยฟ้า'),
('05113', 'อนุรักษ์', 'ประโคทัง'),
('05114', 'ชนะพงศ์', 'จองระหงษ์'),
('05115', 'นฤมล', 'หมายงาม'),
('05116', 'บุพผา', 'คะโรรัมย์'),
('05117', 'วิโรจน์', 'สมบูรณ์'),
('05118', 'ธีระวัฒน์', 'ตรีเหรา'),
('05119', 'สายฟ้า', 'อินปา'),
('05120', 'วันวิสา', 'โคตรโยธา'),
('05121', 'สุจิตรา', 'อวนอ่อน'),
('05122', 'ขวัญชัย', 'แท่งทอง'),
('05123', 'สาคร', 'เกษตรลาภอุดม'),
('05124', 'สถิตย์', 'บัวใหญ่'),
('05125', 'ณัฐวุฒิ', 'ขันหมั่น'),
('05126', 'นิอร', 'ถินทสิทธิ์'),
('05127', 'ทศพร', 'นามมาลา'),
('05128', 'ณัฐพล', 'สัจสุวรรณ์'),
('05129', 'สุรชัย', 'แสงทอง'),
('05130', 'ธุรกิจ', 'แก้วจินดา'),
('05131', 'ขนิษฐา', 'ดอกรัก'),
('05132', 'ลลิตา', 'สร้อยนาค'),
('05133', 'ปรินดา', 'สีขันธ์'),
('05134', 'นันทวัน', 'น้อยวงค์'),
('05135', 'ศิรสิทธิ์', 'ตะปะโจทย์'),
('05136', 'ปฏิภาณ', 'ทิพย์ทิมาพันธ์'),
('05138', 'นุชจรีย์', 'ศิริเลิศ'),
('05139', 'กมลชัย', 'ศรีประสิทธิ์'),
('05140', 'พิณนารี', 'แสงนวล'),
('05142', 'รชานนท์', 'ดีเสมอ'),
('05143', 'ปิยะนุช', 'สังกระหวัด'),
('05145', 'ชุติมา', 'ศิริสวัสดิ์'),
('05146', 'ณิชา', 'หลงรักษ์'),
('05147', 'ศรัณย์', 'ทองสิงห์'),
('05148', 'หัทย์', 'หัทยาภิรมย์'),
('05149', 'สิริรัตน์', 'มีถม'),
('05150', 'ธัญญา', 'ฉายจรุง'),
('05153', 'อดิศักดิ์', 'สัตนาโค'),
('05154', 'ธันยพร', 'ผดุงศาสน์'),
('05155', 'พัชจิรา', 'แก่นคำ'),
('05156', 'ชมพูนุท', 'อยู่เจริญ'),
('05157', 'สุรีพร', 'แซ่ลิ้ม'),
('05158', 'รุ่งอรุณ', 'ราชวงค์'),
('05159', 'นิธินัท', 'สุขแก้ว'),
('05160', 'อรรถพล', 'สาแก'),
('05161', 'วิภาภรณ์', 'นาทันรีบ'),
('05162', 'วีรศักดิ์', 'สิงขรณ์'),
('05163', 'รณฤทธิ์', 'สุดคล้าย'),
('05164', 'พัชรี', 'กกรัมย์'),
('05165', 'ธวัชชัย', 'เอกทัน'),
('05166', 'รัชนี', 'จันทะแสน'),
('05167', 'ยลดา', 'ทะนะ'),
('05168', 'สงกรานต์', 'แก่นจรรยา'),
('05169', 'อัชนาพร', 'ทองพา'),
('05170', 'จักรพันธ์', 'คงได้'),
('05171', 'พงศธร', 'คำเจริญ'),
('05172', 'อาทิตติยา', 'โสภาสิน'),
('05173', 'นุษบา', 'ประทีปทอง'),
('05174', 'อรวรรณ', 'แจ่มจันทร์'),
('05175', 'จิราวรรณ', 'บุญรอง'),
('05176', 'ณัฐพล', 'ศุภพิชย์'),
('05177', 'สาธิต', 'ยังรัมย์'),
('05178', 'สุธินันท์', 'จันทบุตร'),
('05179', 'ลิขิต', 'นิ่มพันธ์'),
('05180', 'สุรศักดิ์', 'ทิพรักษ์'),
('05181', 'กิตติพงศ์', 'ศิริบาล'),
('05182', 'นพชัย', 'วะนาไชย'),
('05183', 'นิตยา', 'หอมเย็น'),
('05184', 'พรอุมา', 'คำคง'),
('05185', 'ธนาทิพย์', 'ฝูงดี'),
('05186', 'แพวพร', 'บูรณะกิติ'),
('05187', 'อมรรัตน์', 'เพชร์แสง'),
('05188', 'พัชรพล', 'ศรีแก้ว'),
('05189', 'อภิเดช', 'คานโนนทัน'),
('05190', 'ไพรวัลย์', 'ทองนิล'),
('05191', 'จตุรวิทย์', 'แก้ววิฑูรย์'),
('05192', 'สุริยันต์', 'เสาหิน'),
('05193', 'ญาณภัทร', 'นนท์ศิริ'),
('05194', 'อนุธิดา', 'วันทา'),
('05195', 'ชลธิชา', 'พาแพง'),
('05196', 'สุทธิดา', 'ประสานคำ'),
('05197', 'วิชัย', 'โพธิจักร'),
('05198', 'จันทร์เพ็ญ', 'ประจันตะเสน'),
('05199', 'รณยุทธ', 'สายศักดา'),
('05200', 'น้ำผึ้ง', 'โตวัตร'),
('05201', 'มุจะริน', 'นาคำมูล'),
('05202', 'ศรายุทธ', 'แสนกาวี'),
('05203', 'ชัยณรงค์', 'เรือนน้อย'),
('05204', 'พัชระ', 'ศรีสุนาครัว'),
('05205', 'อุดร', 'สุขล้วน'),
('05206', 'เฉลิมชัย', 'วงค์ศรี'),
('05207', 'อุไรวรรณ', 'สีมาลา'),
('05208', 'อุบล', 'ไชยเศษ'),
('05209', 'สุนิสา', 'นิลาลาด'),
('05210', 'คมสัน', 'เชียงไขแก้ว'),
('05211', 'เกียรติศักดิ์', 'ปัญญาสิทธิ์'),
('05212', 'สายันต์', 'จุลดาลัย'),
('05213', 'ฤทธิเกียรติ', 'เนื้ออ่อน'),
('05214', 'ปวีณา', 'บ่อทอง'),
('05215', 'ปานตะวัน', 'ชมบุญ'),
('05216', 'วิยะดา', 'พาแก้ว'),
('05217', 'รุ่งนภา', 'ทุมมา'),
('05218', 'จิตติพร', 'ตั้งกิจสงวน'),
('05219', 'ศรัณยา', 'ยุทธสมภพ'),
('05220', 'ธีรพงศ์', 'อุมา'),
('05221', 'ขจรยศ', 'นิยมการ'),
('05222', 'ศุภกานต์', 'เส็งง้วน'),
('05223', 'อาทร', 'นิยม ');
INSERT INTO `employee` (`Emp_ID`, `Empname_th`, `Empsurname_th`) VALUES
('05224', 'สุดารัตน์', 'อรัญมาลา'),
('05225', 'วรรณิภา', 'กระโพธิ์'),
('05228', 'ศิรินภา', 'ลุนชัยภา'),
('05229', 'จิรายุ', 'สุริยะฉาย'),
('05230', 'ชมภูนุช', 'ทองใบ'),
('05231', 'สมฤทัย', 'แก้วบุญกว้าง'),
('05232', 'ธนาเทพ', 'แพเรือง'),
('05233', 'กนกพิชญ์', 'อิทธิขจรรัตน์'),
('05234', 'สรัญญา', 'วงค์ไชย'),
('05235', 'วิทูร', 'ตันเกียรติ์สกุล'),
('05236', 'ธนวันต์', 'รัตนเมธีมงคล'),
('05238', 'ชุติดา', 'อูชิดะ'),
('05239', 'อิษฎ์นันทน์', 'อรรถประวิทย์'),
('05240', 'ภาณุมาส', 'สุพรม'),
('05241', 'รัฐสิทธิ์', 'โรจนปรียารักษ์'),
('05243', 'บุญพิสุทธิ์', 'ด่านโคกสูง'),
('05244', 'สุทัศนา', 'ภู่เกิด'),
('05245', 'สุทธิศักดิ์', 'สว่างสุข'),
('05246', 'จุฑาภรณ์', 'โยชะนัง'),
('05247', 'นครินทร์', 'คุรุเสถียร'),
('05248', 'ลักษมี', 'บุญชู'),
('05249', 'กฤษณพล', 'เพ็ชร์ดี'),
('05250', 'ณัฐนันท์', 'เถื่อนสมบัติ'),
('05251', 'ณิชชญานันท์', 'รุจิโรจน์พรกุล'),
('05252', 'อรทัย', 'กันทัด'),
('05253', 'อภิสิทธิ์', 'โพธิ์ไพร'),
('05254', 'มาริษา', 'ชินบุตร'),
('05255', 'พยุห์', 'เกิดจงรักษ์'),
('05257', 'ภูดิศ', 'แสงอรุณ'),
('05258', 'จีรพัฒน์', 'จันทร์แปงเงิน'),
('05259', 'สุรางคนา', 'สุนทรางกูล'),
('05261', 'ทิวัตถ์', 'พวงสุวรรณ'),
('05262', 'กวิน', 'ซีบางทราย'),
('05263', 'ปุณยนุช', 'แพงพันธุ์'),
('05264', 'อาภาสิริ', 'ขันติภิญโญ'),
('05266', 'กนกภรณ์', 'เกิดเขาทะลุ'),
('05267', 'ทัตตพันธ์', 'สังข์พาศรี'),
('05268', 'เพียงพร', 'วงศ์ปัทมเจริญ'),
('05269', 'พงศภัค', 'โควานิชเจริญ'),
('05270', 'ณิชกานต์', 'แสนกล้า'),
('10008', 'วัชระ', 'เวชพาณิชย์'),
('10021', 'ศศิธร  ', 'พุ่มทอง'),
('10026', 'จักรกฤษณ์', 'ศรีจันทะ'),
('10028', 'รัชภูมิ', 'ไทยวรรณ'),
('10033', 'จิรพา', 'โพธิ์ศรีขาม'),
('10034', 'กฤติกา', 'ทองสุวรรณ'),
('10035', 'วสันต์', 'พิมพ์แมน'),
('10036', 'เฟื่องฟ้า', 'บัญชาเมฆ'),
('10037', 'สุรีย์พร', 'พรมงาม'),
('10038', 'เฉลิมภรณ์', 'เภาแก้ว'),
('10045', 'ธนพงศ์', 'พรคุณาภัทร'),
('10046', 'ยรรยง', 'จิ๋วแหยม'),
('10054', 'อภิญญา', 'นามแดง'),
('10056', 'อัจฉรา', 'สุวรรณรินทร์'),
('10064', 'ชูชาติ', 'แซ่อื้อ'),
('10065', 'ฉัตรมงคล', 'แซ่โง้ว'),
('10066', 'จักรพงษ์', 'ทองขวัญ'),
('10070', 'วีนา', 'เขื่อนเพชร'),
('10073', 'สุพาพร', 'บุญคง'),
('10077', 'รัตนากร', 'ไชยชนะ'),
('10083', 'ศุภกิตติ์', 'อัตโน'),
('10086', 'วรลักษณ์', 'ขันนอก'),
('10087', 'ศิริลักษณ์', 'พัฒนโชติ'),
('10089', 'ทัศนีย์', 'ทองแดง'),
('10092', 'นัชชา', 'เอกวงษา'),
('10093', 'ปิยะธิดา', 'บุญโสภา'),
('10094', 'อัมพร', 'อาดี'),
('10096', 'ยุวดี', 'อินทะแสง'),
('10098', 'จักรพรรณ', 'เถาปรัก'),
('10102', 'ณัฐพร', 'ทุมทอง'),
('10103', 'นัฐนิชา', 'แก้ค้างพลู'),
('10104', 'ทิพยาภรณ์', 'กองวัน'),
('10105', 'ทัศนีย์', 'นันตา'),
('10107', 'พัชรินดา', 'สีหะวงค์'),
('10108', 'วิไลวรรณ', 'เกษหอม'),
('10111', 'สุนิษา', 'ศรีเมือง'),
('10115', 'รัศมี', 'ธีระปัญโย'),
('10116', 'จันทร์เพ็ญ', 'ยนสุข'),
('10120', 'อรดี', 'ศรีชมภู'),
('10122', 'วรัณปภา', 'เฉียบแหลม'),
('10123', 'ธารปภัสร์', 'เกษสว่าง'),
('10125', 'สมร', 'แหวนเงิน'),
('10127', 'สุภาวดี', 'แหวนเงิน'),
('10129', 'ปรียา', 'ฆ้องกระโทก'),
('10130', 'สุนิศา', 'บุญอาจ'),
('10134', 'อชิรญา', 'เหิดขุนทด'),
('10136', 'วรรณภรณ์', 'สุขสถิตย์'),
('10137', 'มลฤดี', 'ดินไธสง'),
('10138', 'กาญจนา', 'สวนสอน'),
('10139', 'นงค์นุช', 'จันทร์ขอนแก่น'),
('10140', 'ภาวิณี', 'ถมคำ'),
('10142', 'วิสิทธิ์พงษ์', 'จันสุภีร์'),
('10143', 'สนอง', 'ดวงดี'),
('10144', 'วิภาวดี', 'บุบผาลุน'),
('10147', 'สุภี', 'สุภะดี'),
('10148', 'รัศมี', 'รัชนี'),
('10150', 'ณัทกรจิรา', 'แก้วแสนชาติ'),
('10153', 'กัญญาณัฐ', 'พุ่มบัว'),
('10154', 'ลัดดาวัลย์', 'วงษา'),
('10156', 'ฐิติรัตน์', 'อุ่นเสมอ'),
('10158', 'สุกัญญา', 'มูลตา'),
('10161', 'อัมพร', 'คำตา'),
('10162', 'คณิตฐา', 'แม่นทอง'),
('10165', 'ปรีชา', 'ประนัดถานัง'),
('10166', 'กฤษณา', 'ภู่สกุล'),
('10170', 'วุฒิชัย', 'โสภาคะยัง'),
('10171', 'กลวัชร', 'วิสุทธิโธ'),
('10172', 'สุวรรณา', 'เทพหล้า'),
('10173', 'สายสมร', 'ปราบพาล'),
('10174', 'ศิริราช', 'ผลเจริญ'),
('10175', 'วิลาวัณย์', 'สุขปลั่ง'),
('10176', 'รัชฎาภรณ์', 'ลายลักษณ์'),
('10177', 'ราตรี', 'คำชนะ'),
('10180', 'วิมล', 'ธรรมกิจ'),
('10181', 'ธัญรดี', 'ดัชฤยาวัตร'),
('10183', 'สุจิตรา', 'พะคุณละ'),
('10186', 'นวลอนงค์', 'ไชยศรีรัมย์'),
('10187', 'สุพัตรา', 'แก้วเปี้ย'),
('10192', 'หนึ่งฤทัย', 'คำกุ้ง'),
('10195', 'จิตตินันท์', 'ธุระทำ'),
('10197', 'สายฝน', 'สาธุจรัล'),
('10198', 'พรรณิภา', 'ทองชา'),
('10200', 'สมจิตร', 'เภตรา'),
('10202', 'จิตรลัดดา', 'ภักดีพงษ์'),
('10206', 'เฉลยศักดิ์', 'แสงแก้ว'),
('10208', 'วัชรี', 'ท่าสละ'),
('10210', 'อรพินธ์', 'พื้นผา'),
('10211', 'นภารัตน์', 'บุญเอิบ'),
('10213', 'ภวรัญชน์', 'ฝ่ายจิตชอบ'),
('10215', 'ณัฐนันท์', 'โพธาราม'),
('10219', 'สาวิตรี', 'บุญชู'),
('10221', 'นพรัตน์', 'เงาศรี'),
('10222', 'สุเนตร', 'เรืองสุขสุด'),
('10224', 'กุลนิต', 'รองไชย'),
('10225', 'กาญจนา', 'หงษาชาติ'),
('10226', 'รัศมี', 'วีระพันธุ์'),
('10228', 'นันทิยา', 'อุ่นศรี'),
('10229', 'ชุลีกร', 'ไทยเจริญ'),
('10231', 'รัตนา', 'ยุรวงศ์'),
('10234', 'มะลิวัลย์', 'ดอนดี'),
('10235', 'นิสากร', 'พาตน'),
('10236', 'รัชฎา', 'สีแสด'),
('10238', 'จุรีพร', 'ชำรัมย์'),
('10244', 'จารุณี', 'กิติศรีวรพันธุ์'),
('10245', 'จิรัฏฐ์', 'กันทา'),
('10246', 'ศรธรรม', 'ศิริไพบูลย์'),
('10250', 'สุนทร', 'ทองคำ'),
('10251', 'ณรงศักดิ์', 'แสนจันทร์'),
('10252', 'วะสัน', 'พุทธิสัตย์'),
('10253', 'ผดุงศิลป์', 'สาระศรี'),
('10254', 'มงคล', 'แย้มรื่น'),
('10255', 'พีระยุทธ', 'สุกใส'),
('10256', 'ชาญชิต', 'กัตติยัง'),
('10258', 'พรนิภา', 'ผลานิสงค์'),
('10260', 'ณภัทร', 'วงค์จันทร์'),
('10262', 'เคลือทิพย์', 'มั่นทอง'),
('10267', 'ชาลินี', 'ชอบชื่นชม'),
('10268', 'รัตนาพร', 'พรหมนุช'),
('10269', 'กัญญ์ชิสา', 'แสนสุข'),
('10273', 'จารุวรรณ', 'บุญฑล'),
('10279', 'จรุวรรณ', 'ประสิทธิ์'),
('10280', 'สุรินณา', 'สุขุประการ'),
('10283', 'ศิริพร', 'ทะสูรย์'),
('10284', 'ภุมรัตน์', 'กำศิริมงคล'),
('10285', 'ฤทัยภัทร', 'เพ็งสว่าง'),
('10287', 'อนุศักดิ์', 'สุขเฉลิม'),
('10290', 'สุขสรร', 'บุตรแสง'),
('10291', 'วัลลภ', 'แสนรัก'),
('10294', 'สุชาติ', 'ปะทาเส'),
('10296', 'สุพัตรา', 'ศรีไพร'),
('10300', 'นารีรัตน์', 'คำโสม'),
('10301', 'ปรวรรณ', 'วงราษฎร์'),
('10306', 'ออมทรัพย์', 'มุ่งรีกลาง'),
('10308', 'หอมไกล', 'แว่นศิลา'),
('10309', 'รัชนก', 'ประจันตะเสน'),
('10312', 'นนท์ปวิธ', 'เศรษฐศุภสินธ์'),
('10314', 'อุทิศ', 'บุญมี'),
('10316', 'สมโชค', 'จันทะพันธ์'),
('10317', 'พิมลรักษ์', 'พึ่งเย็น'),
('10318', 'เฉลิมพล', 'แสนแดง'),
('10320', 'ทิพาพร', 'บุตรเทศ'),
('10321', 'ทาริกา', 'สุขสมัย'),
('10323', 'นุจรีย์', 'วราหล'),
('10325', 'กัลยา', 'ยงใย'),
('10328', 'อารีรัตน์', 'กันเข็ม'),
('10329', 'ทิพวัลย์', 'ปิ่นทอง'),
('10330', 'ปิติภรณ์', 'เพียรเงิน'),
('10336', 'นิภาพร', 'พุ่มแจ้ง'),
('10337', 'สุคนทิพย์', 'สีทาหล่อน'),
('10340', 'ยุพารัตน์', 'ใจธรรม'),
('10341', 'ชญาภา', 'คูณเพิ่ม'),
('10342', 'กรวรรณ', 'มีแก้ว'),
('10344', 'วันเพ็ญ', 'ไวสาริกรรม'),
('10346', 'พัชรพร', 'ปุดประโคน'),
('10348', 'ชนะชัย', 'โยธาราช'),
('10349', 'นาลอน', 'วาจาสัตย์'),
('10353', 'สุชาดา', 'ทิพย์รัตน์'),
('10354', 'นฤมล', 'สวนสอน'),
('10356', 'เกสร', 'ลอยหา'),
('10357', 'เทียนจันทร์', 'อุดมรัตน์'),
('10359', 'อรดี', 'พรมสวัสดิ์'),
('10361', 'โชติกา', 'ชินาลัย'),
('10363', 'นิเทส', 'เสตเตมิย์'),
('10372', 'นัฐการ', 'ผิวขำ'),
('10375', 'รัชนี', 'น้ำนวล'),
('10376', 'กัญสุชญา', 'คงทน'),
('10377', 'นราทิพย์', 'นวลสาย'),
('10378', 'หนึ่งฤทัย', 'ทองผาย'),
('10379', 'ภัคจิรา', 'ทุมชาติ'),
('10380', 'บังอร', 'จอมหงษ์'),
('10381', 'นพาภรณ์', 'กุณะ'),
('10384', 'จุฑามาศ', 'มณีเนตร'),
('10387', 'วรากร', 'ดวงแก้ว'),
('10389', 'สุภาวดี', 'หอมหวาน'),
('10391', 'ภัทรสุดา', 'พลเก่ง'),
('10392', 'ณัฐธิดา', 'ผะอบ'),
('10394', 'มัตติกา', 'น้อยพงษ์'),
('10395', 'วราภรณ์', 'เลิศลักษณะวงศ์'),
('10396', 'พจนา', 'คำสัตย์'),
('10398', 'พิณทอง', 'อุตมะ'),
('10400', 'สุชาติ', 'ทองกันยา'),
('10401', 'เอกรวิน', 'ตั้งจิตตรง'),
('10403', 'วีระวัฒน์', 'คำเสียง'),
('10405', 'อนุรักษ์', 'อินทร์มี'),
('10407', 'จรูญ', 'ปราณีสอน'),
('10411', 'ลินดา', 'คำมุงคุล'),
('10412', 'สมพิศ', 'ศรีพิกุล'),
('10413', 'กรวรรณ', 'สุวรรณมากเกษร'),
('10414', 'กัลยา', 'พรหมพิชัย'),
('10416', 'รัตนา', 'จำรักษา'),
('10417', 'อมรรัตน์', 'มีธรรม'),
('10418', 'เบญจวรรณ', 'ขันเชียง'),
('10419', 'รพีพร', 'จันดาวัน'),
('10420', 'ปาณิตา', 'บุตรแสง'),
('10421', 'กัญญาณัฐ', 'คำมานิตย์'),
('10423', 'ดวงเนตร', 'ยันต์ทอง'),
('10424', 'รินรดา', 'ประทุมชมภู'),
('10428', 'นันทณัฏฐ์', 'จันทรวงศ์'),
('10430', 'ธีรพงค์', 'พุฒสีหมอก'),
('10432', 'เกศินี', 'สุรถาวร'),
('10433', 'ทิพวรรณ', 'คูณภาค'),
('10434', 'นวลจันทร์', 'โคตุเคน'),
('10438', 'จักรพงษ์', 'หาสจิตโต'),
('10444', 'สนธยา', 'นวลเกษม'),
('10446', 'วีรชัย', 'ผสมคง'),
('10450', 'คเชนทร์', 'ประพันธ์พัฒน์'),
('10457', 'ศิริพร', 'สูงโคตร'),
('10459', 'นิภาพร', 'ดวงหาโคตร'),
('10460', 'เพ็ญศรี', 'แสนบุญศิริ'),
('10465', 'มัสยา', 'กองเพชร'),
('10466', 'พิทยา', 'ทวีศาล'),
('10473', 'ถาวร', 'หนูสวัสดิ์'),
('10475', 'พัฒนพันธ์', 'อ่อนผิว'),
('10476', 'ธนาวุฒิ', 'อภิรัตน์ประเสริฐ'),
('10477', 'พรชัย', 'ตรีวิเศษ'),
('10480', 'ไกรลาศ', 'เสาศรี'),
('10481', 'วีรศักดิ์', 'ใจเที่ยง'),
('10482', 'อนงค์นาถ', 'สว่างงาม'),
('10485', 'อรอุมา', 'คำสา'),
('10487', 'สมจิตร', 'แสงย้อย'),
('10488', 'กาญจนา', 'ฉายาวรรณ์'),
('10489', 'กัลยาณี', 'เสาศรี'),
('10490', 'วิภารัตน์', 'บุญเพิ่ม'),
('10496', 'บีรันญา', 'สิงใส'),
('10499', 'ชาญศักดิ์', 'ชายผา'),
('10502', 'ธีระศักดิ์', 'ชายแดง'),
('10505', 'ขนิษฐา', 'ทั่งโต'),
('10507', 'สุภาวดี', 'สิทธิชัย'),
('10509', 'รุ่งเรือง', 'วิจิตร'),
('10511', 'วันนา', 'โนนหิน'),
('10513', 'วิรัญตรี', 'นิ่มคำ'),
('10514', 'กิ่งแก้ว', 'ตันตุลา'),
('10515', 'อัมไพวรรณ', 'พานเงิน'),
('10518', 'ณัฐพล', 'วิเชียรพงษ์'),
('10524', 'วินิจ', 'ศรีพรหม'),
('10525', 'ชนะชัย', 'ตลับกลาง'),
('10526', 'ภาณุพงศ์', 'มุตตามระ'),
('10528', 'ชาญณรงค์', 'พุทธวอร์'),
('10532', 'นุจรี', 'บุญมา'),
('10534', 'วนิดา', 'เจริญสิงห์'),
('10538', 'พัชรี', 'วงษ์ช่างซื้อ'),
('10539', 'อำนาจ', 'บับภาเอก'),
('10540', 'ธกร', 'ศุภชัยวัฒนา'),
('10541', 'พุทธิมา', 'สีหไสยาสิทธิ์'),
('10543', 'วินัย', 'อศูรย์'),
('10546', 'กิตินนท์', 'อนันต์'),
('10547', 'กิติพงค์', 'บัวหอม'),
('10548', 'เมธี', 'ไทยเจริญ'),
('10549', 'พันธุ์ชนะ', 'เขียวนอก'),
('10550', 'ธิดารัตน์', 'ไชยเมืองแก้ว'),
('10551', 'วรรษมนต์', 'อินทร์แป้น'),
('10552', 'ดุษฏี', 'พิทักษี'),
('10553', 'หนึ่งฤทัย', 'ต้นทอง'),
('10554', 'หนูกาญจน์', 'ดินไธสง'),
('10555', 'สุดารัตน์', 'มาสินทพันธ์'),
('10556', 'รัตนา', 'ผูกพันธ์'),
('10557', 'ปนัดดา', 'อานัย'),
('10558', 'ปรีชญา', 'พิเมย'),
('10559', 'มลฤดี', 'ปะถะมา'),
('10560', 'วนัสนันท์', 'ลักษวุธ'),
('10562', 'พิณใจ', 'ศิริบุตร'),
('10563', 'จรรธราภรณ์', 'วงค์สุนา'),
('10565', 'มาโนช', 'ม่วงศิลา'),
('10566', 'สาโรจน์', 'ซ่อนกลิ่น'),
('10568', 'กัลยรัตน์', 'ติ๊บสุนย์'),
('10570', 'กรนิกา', 'บุดดา'),
('10572', 'สุชาดา', 'วิเศษ'),
('10576', 'เพ็ญนภา', 'อินทรสิทธิ์'),
('10580', 'อดิศร', 'อ่อนสาคร'),
('10581', 'ประเสริฐ', 'อ่อนเขียว'),
('10582', 'เสกสรรค์', 'ชาติมนตรี'),
('10584', 'วงศกร', 'สมคิด'),
('10586', 'อุราพร', 'นามเย็น'),
('10588', 'วีระ', 'จันทร์นอก'),
('10590', 'นภัสกร', 'ชาติไทย'),
('10591', 'จิราพัชร', 'คตธมาตย์'),
('10595', 'สุกัญญา', 'ตากัน'),
('10596', 'สุจิตรตรา', 'ศรีคุณราช'),
('10597', 'จุรีรัตน์', 'ศรีสว่าง'),
('10602', 'จิตติมา', 'ศรีธรรมมา'),
('10603', 'จันทร์จิรา', 'รังคะวงษ์'),
('10604', 'พัชราภรณ์', 'เข็มวิชัย'),
('10607', 'วิไลพร', 'จงประโคน'),
('10608', 'จันทร์นภา', 'คำนึง'),
('10610', 'วรรณภา', 'ช่องกลาง'),
('10612', 'ละอองดาว', 'กันทำ'),
('10613', 'จริยา', 'ระบาเลิศ'),
('10617', 'อดิศักดิ์', 'แสงสว่าง'),
('10618', 'อุดร', 'ประทุมทอง'),
('10619', 'ปริญญา', 'วิริยะเกิดชัย'),
('10620', 'วิน', 'ลาภอนันต์ตระกูล'),
('10622', 'สมภพ', 'โคมสูงเนิน'),
('10623', 'บรรจง', 'เกียรติกลาง'),
('10624', 'อภิชาติ', 'เชียงกางกุล'),
('10626', 'ณฐมน', 'วิริโยสุทธิกุล'),
('10627', 'พิมพา', 'นันสันเทียะ'),
('10628', 'วันนิดา', 'เพราะทอง'),
('10629', 'พิลัยลักษณ์', 'แสนอุบล'),
('10630', 'สุดารัตน์', 'ศรีประโคน'),
('10631', 'สุปราณี', 'ประเสริฐศรี'),
('10632', 'ดวงใจ', 'หมื่นปา'),
('10633', 'สำเริง', 'แก้วกู่'),
('10634', 'ไพฑูรย์', 'ไตรผักแว่น'),
('10635', 'บรรเทิง', 'ใยบัว'),
('10636', 'มานัส', 'สาระบุตร'),
('10637', 'อรรถพงษ์', 'นากลางดอน'),
('10639', 'ละอองดาว', 'ไชยแสง'),
('10641', 'วีรพันธ์', 'ทิมมี'),
('10643', 'พัชรพล', 'หลักบึง'),
('10654', 'ขนิษฐา', 'เผิ่งจันดา'),
('10655', 'ศุภาสินี', 'กล่ำพันธ์'),
('10657', 'กัลยาณี', 'พรมโคตร'),
('10658', 'ชาญชัย', 'แสนทวีสุข'),
('10659', 'ภราดร', 'บุญเพ็ง'),
('10661', 'กิตติศักดิ์', 'พิวิชัย'),
('10662', 'ภานุมาศ', 'เวชภู'),
('10663', 'อนุชศรา', 'แก้วก่า'),
('10664', 'ทศพร', 'โคตรสุวรรณ'),
('10666', 'ขวัญฤทัย', 'นาอุดม'),
('10667', 'ณัฐพล', 'จำปามูล'),
('10668', 'ดอกฝ้าย', 'เสียงใส'),
('10669', 'ณัฏฐ์สุมณ', 'สุขรดาฉัตรศิริ'),
('10670', 'พรพรรณ', 'แก่นจันทร์'),
('10671', 'กาญจนา', 'สิงหาราโท'),
('10672', 'หทัยทิพย์', 'บัวกอ'),
('10677', 'ประยุทธ', 'ทศรักษา'),
('10679', 'อ้อยทิพย์', 'กาละทอน'),
('10680', 'กัลยา', 'สืบสม'),
('10681', 'วนิดา', 'สาระบุตร'),
('10683', 'ธิดารัตน์', 'ดวงสินธ์'),
('10684', 'ศิริประภา', 'หมื่นวงษ์'),
('10685', 'กรรณิกา', 'บับภาเอก'),
('10686', 'สุธารัตน์', 'มาลารักษ์'),
('10687', 'จิราภรณ์', 'ไยเมือง'),
('10688', 'สุบิน', 'สำรวมจิตร'),
('10689', 'นพรัตน์', 'ละอองคำ'),
('10690', 'ปิยะพงศ์', 'ดวงจันทร์'),
('10691', 'วิไลวรรณ', 'เต็มสุวรรณ์'),
('10692', 'นิติญา', 'ทรงยินดี'),
('10693', 'กฤษฎา', 'ฉายาวรรณ์'),
('10694', 'เกรียงไกร', 'ศรีสมุทร'),
('10695', 'อุบลวรรณ', 'เฉลียว'),
('10697', 'ปิยฉัตร', 'วงษาชัย'),
('10698', 'วิชชุดา', 'กอคูณ'),
('10699', 'เบญจมาศ', 'พลศรี'),
('10700', 'ณัฐพงษ์', 'ใจเกษิม'),
('10703', 'ภานุวัต', 'แสวงผล'),
('10704', 'จันทิมา', 'ลอมดอน'),
('10705', 'นิภารัตน์', 'คำทองไชย'),
('10706', 'วสันติ์', 'ชาติวงษ์'),
('10707', 'จักรพันธ์', 'พยุงวงษ์'),
('10708', 'สุวิทย์', 'ประทุมพันธ์'),
('10709', 'สถาพร', 'ศรีวะรมย์'),
('10710', 'สานิตย์', 'เลาหะรัศม์'),
('10712', 'ศิริพร', 'พลจันทร์'),
('10713', 'ลลิตา', 'พุทธิวา'),
('10714', 'ณัฐธิชา', 'กองสิน'),
('10715', 'นุชนาฏ', 'อุปละ'),
('10716', 'ยุทธนาวรรณ', 'พันธ์ภูงา'),
('10717', 'ประเสริฐ', 'สีทา'),
('10718', 'ประชา', 'ดับร้อน'),
('10719', 'ขจรศักดิ์', 'ดามา'),
('10721', 'จิราลักษณ์', 'ขอวาดกลาง'),
('10722', 'วศิน', 'เฑียรบุญเลิศรัตน์'),
('10724', 'ปัฐพงษ์', 'สิงหนุต'),
('10726', 'เมธี', 'นาคภูมิ'),
('10727', 'พรพิมล', 'บุญเฟื่อง'),
('10728', 'รัชนีวรรณ', 'ตุละ'),
('10729', 'นิภาพร', 'ชุมพลวงค์'),
('10730', 'ณัฐพงษ์', 'แก้วดวงดี'),
('10731', 'ประสิทธิ์', 'ปัสสาสิงห์'),
('10732', 'ธีรพงษ์', 'ประกิ่ง'),
('10733', 'นริศรา', 'คนซื่อ'),
('10734', 'เกรียงศักดิ์', 'เกิดโมลี'),
('10735', 'วิระ', 'จันทร์เวียง'),
('10736', 'สุขกาย', 'งามพงษ์'),
('10737', 'สาวิตรี', 'ทองก้าว'),
('10738', 'สุปัญญา', 'นพเคราะห์'),
('10739', 'พัฒนะ', 'บุดดารวม'),
('10740', 'ตรีชฎา', 'ปัดถา'),
('10741', 'ธีระพงษ์', 'แก้วสุวรรณ'),
('10742', 'พิเชษฐ์', 'โสจันทร์'),
('10743', 'ธนวัฒน์', 'ดำรงกิจชัยพร'),
('10744', 'อรพรรณ', 'ภูสีทอง'),
('10745', 'อมรา', 'บุญมาก'),
('10746', 'อลงกรณ์', 'วะสุรีย์'),
('10747', 'ดวงใจ', 'สมสนิท'),
('10748', 'นริศรา', 'พรสุวรรณ'),
('10749', 'วิลัยพร', 'เจริญชัย'),
('10750', 'กาญจนา', 'สมนึก'),
('10751', 'เจษฎา', 'ผงสุข'),
('10752', 'ยุทธนา', 'วงษา'),
('10753', 'ณัฐชยา', 'แสงชาติ'),
('10754', 'ปริยฉัตร', 'อาษานอก'),
('10755', 'ธวัชชัย', 'ตองทอง'),
('10756', 'ปวีณา', 'บัวกลาง'),
('10757', 'โกวิท', 'ตาเขียม'),
('10759', 'รัชฏะ', 'ดีแป้น'),
('10760', 'กชกร', 'บุญเพิ่ม'),
('10761', 'วิกรม', 'น้อยสำลี'),
('10763', 'เปศัย', 'ผันทางาม'),
('10764', 'ศิริวรรณ', 'คำอ่อน'),
('10765', 'เชษฐพงษ์', 'ชาริดา'),
('10766', 'นิภาพร', 'คนฉลาด'),
('10767', 'ปทุมวดี', 'ลุนไธสง'),
('10768', 'วิภูษิต', 'มาลีหวล'),
('10769', 'พิสมัย', 'บุญเกิด'),
('10770', 'พรสินี', 'สายแก้ว'),
('10772', 'กฤษณา', 'พรมสา'),
('10773', 'ทัศนวรรณ', 'จันทะเกษ'),
('10774', 'นิวัฒน์ไชย', 'ดอนเหนือ'),
('10775', 'นิยม', 'ทวีสิทธิ์'),
('10776', 'ทศพล', 'เป๊กธนู'),
('10777', 'มนิสา', 'รู้ปัญญา'),
('10778', 'ดรินทร์', 'บุญเริ่ม'),
('10779', 'สถิตย์', 'ขนันเครื่อง'),
('10780', 'สุกิจตรี', 'ขยายวงศ์'),
('10781', 'สดใส', 'สอนพิมพ์'),
('10782', 'วุฒิพงค์', 'สายดำรงค์'),
('10785', 'ศักศิยา', 'พะนึกรัมย์'),
('10786', 'จักฤษณ์', 'ชะราชรัมย์'),
('10787', 'ฉัตรชัย', 'อินใจเอื้อ'),
('10788', 'ภานุวัฒน์', 'สมจิตร'),
('10789', 'วีระพงษ์', 'กามาตย์'),
('10790', 'พิทักษ์', 'ถิ่นชีลอง'),
('10791', 'นริศรา', 'แสนสุวรรณ'),
('10792', 'มนตรี', 'พ่วงนาคพันธ์'),
('10793', 'ฉรันดา', 'วิจิตร'),
('10794', 'อธิวัตร', 'สมรส'),
('10795', 'สุรินทร', 'สีสันงาม'),
('10796', 'เดือนเพ็ญ', 'แสนทรัพย์'),
('10797', 'จุฑามาศ', 'สุพรหม'),
('10798', 'นิชาภัทร', 'แพงสุภา'),
('10799', 'วสันต์', 'ปองไป'),
('10800', 'สุนิศา', 'หัดไทยทะระ'),
('10801', 'ยุภารัตน์', 'ใจแก้ว'),
('10803', 'ชยานันท์', 'ถาวรสาลี'),
('10804', 'วรารัตน์', 'ทิพย์สมบัติ'),
('10805', 'สิทธิวรรณ', 'ภักดีแก้ว'),
('10806', 'ศศิธร', 'ชื่นบาน'),
('10807', 'พิชิตชัย', 'ชื่นอารมณ์'),
('10808', 'จิรายุทธ', 'อยู่ประพิศ'),
('10809', 'ชัยวิศิษฎ์', 'ปักเคระกะ'),
('10810', 'จิตมณี', 'ตะนัง'),
('10811', 'ศักดิ์ชัย', 'จันทรัตน์'),
('10812', 'สรัล', 'ไพบูลย์'),
('10813', 'อรรถพล', 'แตงอ่อน'),
('10814', 'ศัตยา', 'อนุรักษ์นทีไพร'),
('10815', 'จุฑากานต์', 'ผาติสุวัณณ'),
('10817', 'วิมลมาส', 'ทับทอง'),
('10818', 'สุภาพร', 'พรมมงคล'),
('10819', 'ชีวิน', 'ภูมูลนา'),
('10820', 'โสภิดา', 'คำมุงคุณ'),
('10821', 'วีรยุทธิ์', 'แก้วอาจ'),
('10822', 'ปิยะพงษ์', 'สมบูรณ์'),
('10824', 'สุจิตรา', 'ตระกุลศรี'),
('10825', 'เสาวลักษณ์', 'เวียนเวช'),
('10827', 'ปราณี', 'มหาวงษ์'),
('10828', 'จริยา', 'ศรีภูน้อย'),
('10829', 'รีน่า', 'สายชนะ'),
('10830', 'สุภา', 'สีดำ'),
('10831', 'เทวฤทธิ์', 'สีสงนาง'),
('10832', 'ประชา', 'สุขไธสง'),
('10833', 'อภิสิทธิ์', 'ทีสุกะ'),
('10834', 'วาสนา', 'เวฬุวนารักษ์'),
('10835', 'นลินรัตน์', 'จันทร์น้ำใส'),
('10836', 'รสรินทร์', 'ผาสุข'),
('10837', 'รัตน์ติกร', 'ลินดา'),
('10838', 'สุวคนธ์', 'ตุละ'),
('10839', 'ภานุมาศ', 'ธูปเกิด'),
('10840', 'นรากร', 'ทุติยะ'),
('10841', 'เดือนเพ็ญ', 'ฉ่อยฮับ'),
('10842', 'สุปราณี', 'จุลดาลัย'),
('10843', 'ณัฐพล', 'ช่างเกวียน'),
('10845', 'สุวิภา', 'โยสีทา'),
('10846', 'ธงชัย', 'บุญธรรม'),
('10847', 'รัตนาภรณ์', 'บัวลา'),
('10848', 'สุภาณี', 'ขาวฟอง'),
('10849', 'กิ่งฟ้า', 'สุวรรณทวี'),
('10853', 'พีรพงษ์', 'วงษ์วิลาศ'),
('10854', 'อานัณท์', 'เทิ่งไธสง'),
('10857', 'ทิพย์ภาภรณ์', 'เวียนเวช'),
('10858', 'วารุณี', 'ทัพภูมี'),
('10859', 'อรวรรณ', 'สายทอง'),
('10860', 'กิตติพงษ์', 'สูบุญ'),
('10861', 'ณวีร์ญา', 'ถมทอง'),
('10862', 'ปภาวิชญ์', 'พิลากุล'),
('10863', 'ธนากร', 'แก้ววาที'),
('10864', 'วินิทัช', 'สัจสุวรรณ'),
('10865', 'เอื้อย', 'ผิวสวัสดิ์'),
('10866', 'วัชรพงษ์', 'หงส์วิไล'),
('10867', 'กวิน', 'วงศ์สา'),
('10868', 'ทัศวรรณ', 'ปะทะโก'),
('10870', 'อุเทน', 'ปานทุ่ง'),
('10871', 'วรรณิภา', 'สิงห์วงค์'),
('10872', 'ลักษ์มณี', 'ทองภู'),
('10873', 'วารี', 'จำปาแดง'),
('10874', 'ประพันธ์', 'ยศวงศ์ใจ'),
('10875', 'ผ่องใส', 'ใจแก้ว'),
('10876', 'สันติ', 'สมคณะ'),
('10877', 'สุกัญญา', 'โทจันทร์'),
('10878', 'นิภาภรณ์', 'เละ'),
('10879', 'สุชาวดี', 'สมสาย'),
('10880', 'จุรีรัตน์', 'บุตรศรี'),
('10881', 'พงษ์ศักดา', 'นุชารัมย์'),
('10882', 'พรพิมล', 'เสียงเสนาะ'),
('10883', 'ทัศวรรณ', 'มณีวงษ์'),
('10884', 'ประทุมรัตน์', 'บุญส่ง'),
('10885', 'จักรี', 'ใชยสงค์'),
('10886', 'พิเชษฐ', 'บุตรงาม'),
('10887', 'พรสุดา', 'ปรารมภ์'),
('10888', 'สุพิชญา', 'ไทยทวี'),
('10889', 'ปิยะนุช', 'กิ่มเกลี้ยง'),
('10890', 'สุภัตรา', 'รูปสูง'),
('10891', 'เยาวลักษณ์', 'เกษกุล'),
('10892', 'ประภัตร', 'จำปาหอม'),
('10893', 'วุฒิพงษ์', 'วันทอง'),
('10894', 'เยาวรัตน์', 'จันทร์เพ็ง'),
('10895', 'เอกวิทย์', 'ผลาเลิศ'),
('10896', 'มงคล', 'สีวัน'),
('10897', 'ภัทราพร', 'คำสอน'),
('10900', 'ปวีณา', 'บุญเลิศ'),
('10901', 'พิสิษฐ์', 'กรรัตน์'),
('10902', 'รัตนาภรณ์', 'พิมพิลา'),
('10903', 'อนุวัฒน์', 'พรมภักตร์'),
('10904', 'กัญญาภัทร', 'คำภากุล'),
('10905', 'วรุณ', 'กิ่งผา'),
('10906', 'อัจฌิมา', 'สุวรรณรัตน์'),
('10907', 'พยุงศักดิ์', 'จงใจงาม'),
('10908', 'อธิวัฒน์', 'จันทร์กาบ'),
('10909', 'วริญรดา', 'สีสุมา'),
('10910', 'กนกวรรณ', 'จันทร์ต๊ะ'),
('10911', 'โรจน์ศักดิ์', 'ซุยมาเมือง'),
('10913', 'สมพงษ์', 'ธรรมรักษา'),
('10914', 'พินิจ', 'พรมศรี'),
('10915', 'นิภาพร', 'เบ็ญจขันธ์'),
('10916', 'ณัฐพล', 'มีกำไร'),
('10917', 'พรพิมล', 'มักทองหลาง'),
('10918', 'ศิริพร', 'สรรพศรี'),
('10919', 'ไชยยันต์', 'พงค์ตัน'),
('10920', 'ฉัตรภวันท์  ', 'กันหานุ'),
('10921', 'มานิตย์', 'คงดี'),
('10922', 'จันทร์เพ็ญ', 'สำเภา'),
('10923', 'กัลยรัตน์', 'กาเผือก'),
('10924', 'วิลาวัลย์', 'ยันตะคุ'),
('10927', 'ประสงค์', 'ฤทธิโย'),
('10929', 'นิธิศ', 'สกุลกิตติคุณ'),
('10932', 'พัฒน์รพี', 'ลีรสวัสดิอำพน'),
('10933', 'สุรชิน', 'เจริญศรี'),
('10934', 'ประสิทธิ์', 'สีทา'),
('10935', 'ทวีศักดิ์', 'นาเมืองรักษ์'),
('10936', 'สุภาภรณ์', 'เบ็ญเจิด'),
('10937', 'กรรณิการ์', 'สงครามศรี'),
('10938', 'วัฒนา', 'พร้อมมูล'),
('10939', 'จินตนา', 'สายตา'),
('10940', 'กมลรัตน์', 'คำณะ'),
('10941', 'เชิดชัย', 'ประฮาดชัย'),
('10942', 'นิศรา', 'ลือดี'),
('10943', 'ศิริวรรณ', 'อุปพันธ์'),
('10944', 'ดนุสรณ์', 'สุมาลุย์'),
('10945', 'ปรียานุช', 'อภัยโส'),
('10947', 'ขนิษฐา', 'นันทจิตร'),
('10948', 'วรชัย', 'เกลอสูงเนิน'),
('10949', 'อรนุช', 'แสวงสุข'),
('10950', 'นัตติยา', 'หึกขุนทด'),
('10951', 'ภัทรา', 'พ่อขันชาย'),
('10952', 'ปาริฉัตร', 'เงินคง'),
('10953', 'สาวิตรี', 'กาดกอเสริม'),
('10954', 'อุษามณี', 'มาลีหวล'),
('10955', 'กนกรัตน์', 'บุญเรือง'),
('10956', 'วิลาวัลย์', 'แหมทอง'),
('10957', 'สุกัญญา', 'กอคูณ'),
('10958', 'กนกวรรณ', 'พวงทรัพย์'),
('10959', 'เอกลักษณ์', 'วิลัยรัมย์'),
('10960', 'เอกพจน์', 'ยอดผา'),
('10961', 'เกรียงไกร', 'องอาจ'),
('10962', 'สามารถ', 'นามภักดี'),
('10963', 'ลัดดา', 'แสงเพชร'),
('10964', 'รุ่งนิภา', 'พรมชาติ'),
('10965', 'อัมพร', 'เพ็ชรจันทึก'),
('10966', 'ชนกานต์', 'กำไรทอง'),
('10967', 'อริสรา', 'ลำนัย'),
('10968', 'สมชาย', 'นันโท'),
('10969', 'นนท์', 'เพียรขยาย'),
('10970', 'จินตนา', 'ขนันไพร'),
('10971', 'ศิริศักดิ์', 'สติภา'),
('10972', 'สุริยา', 'ซ้ายโพธิ์กลาง'),
('10973', 'วาสนา', 'นิลบุตร'),
('10974', 'ศราวุธ', 'คูณแก้ว'),
('10975', 'อุทัย', 'จันทร์กาบ'),
('10977', 'มนัส', 'ผลสุข'),
('10978', 'พงศกร', 'สายยศ'),
('10979', 'อาภัสรา', 'เวชประโคน'),
('10980', 'ธนาภรณ์', 'เครือจำปา'),
('10981', 'อัญชลี', 'แก้วหาวงษ์'),
('10982', 'วนิดา', 'ทาสุคนธ์'),
('10983', 'นิพล', 'เวียงคำ'),
('10984', 'วัชราวรรณ', 'วชิรพาหุ'),
('10985', 'ณัฐพงษ์', 'ศิริพันธนันท์'),
('10987', 'หทัยชนก', 'แสนสมบัติ'),
('10990', 'สราวุธ', 'เนื่องจำนงค์'),
('10993', 'ศักดิ์ดา', 'โรมไธสง'),
('10994', 'ประพจน์', 'กล่ำพันธ์'),
('10996', 'มนตรี', 'จันทำ'),
('11000', 'สุชาติ', 'ตระการจันทร์'),
('11001', 'ธนากร', 'บุญรักษา'),
('11002', 'รจนา', 'ทักไชย'),
('11003', 'ศรนรินทร์', 'โฉมเฉลา'),
('11005', 'สมโภชน์', 'นิพาภรณ์'),
('11006', 'ศุภชัย', 'ถิ่นสีฐาน'),
('11007', 'ชุติมา', 'บุนา'),
('11008', 'สุภาพร', 'ไพศาล'),
('11009', 'พรพิชัย', 'คำผล'),
('11010', 'เกรียงไกร', 'สมเสนาะ'),
('11011', 'ธีระวิทย์', 'จันทร์เหลือง'),
('11012', 'อนันท์', 'จันทร์ดวง'),
('11013', 'จีรวรรณ', 'ประจันทร'),
('11015', 'ปรางทิพย์', 'กันหาวรรณะ'),
('11016', 'ศรัณย์', 'ชุมพล'),
('11017', 'นิวัฒน์', 'มาน้อย'),
('11018', 'กัญญ์วรา', 'คำเครือ'),
('11019', 'วินัย', 'ทานันต์'),
('11020', 'ทัศนัย', 'พิพันธ์'),
('11022', 'วิภาวรรณ', 'ช่วยหลำ'),
('11023', 'สุดารัตน์', 'ขันธ์แก้ว'),
('11024', 'เสาวลักษณ์', 'จริยาธนธรรม'),
('11025', 'วารีนุช', 'สุกี'),
('11026', 'พวงผกา', 'อินไชยา'),
('11027', 'อรทัย', 'ชาติดี'),
('11028', 'จตุพล', 'ตุลานนท์'),
('11029', 'สาธิต', 'มโนปา'),
('11030', 'ลักษิกา', 'สุขกำปัง'),
('11031', 'จุฑากุล', 'ขนทอง'),
('11034', 'วิทยา', 'ทะเสนฮด'),
('11039', 'ภาณุพงศ์', 'สอนชา'),
('11040', 'ทิชากร', 'ธรรมสนิท'),
('11042', 'นัฐพล', 'กาขาว'),
('11043', 'ศรายุทธ', 'นามโคตร'),
('11044', 'ณรงกรณ์', 'ศิลาบุญ'),
('11045', 'อนิสรณ์', 'สายโสภา'),
('11046', 'จุมพล', 'วงษาหล้า'),
('11049', 'อาทร', 'สร้อยสูงเนิน'),
('11050', 'ปรีชา', 'เด่นดวง'),
('11051', 'กฤษฎา', 'กฤษกูลธิวัฒน์'),
('11052', 'พิมพร', 'อุดมสุข'),
('11053', 'อำพร', 'อุตมะ'),
('11054', 'ชไมพร', 'กล้าหาญ'),
('11055', 'นิสิทธิ์', 'พรเพชร'),
('11056', 'เฉลิม', 'พลแสง'),
('11057', 'สุดาพร', 'ไหมทอง'),
('11059', 'วีระเดช', 'เขียวคำ'),
('11060', 'พรแสงเทียน', 'อิ่มเสถียร'),
('11061', 'ธีระยุทธ', 'ฮสราช'),
('11062', 'ศราวุฒิ', 'กองชนะ'),
('11063', 'รัชชานนท์', 'ผลมี'),
('11064', 'ปิยะพงษ์', 'ยีรัมย์'),
('11065', 'ทรงศักดิ์', 'สอนสมนึก'),
('11066', 'พงษ์พิทักษ์', 'สอสูงเนิน'),
('11067', 'นครชัย', 'โค้งสำโรง'),
('11068', 'เสาวลักษณ์', 'ธรรมรัง'),
('11069', 'กฤตชญา', 'กำลังงาม'),
('11070', 'สิทธิศักดิ์', 'กมลรัตน์'),
('11071', 'วรวิทย์', 'วรแสน'),
('11072', 'จักรพันธ์', 'สกุลกล่อม'),
('11073', 'สันติสุข', 'จันทร์แก้ว'),
('11074', 'สันติ', 'แถลงจิตต์'),
('11075', 'อันธิกา', 'จันทะรังษี'),
('11076', 'ชัยวัฒน์', 'ทรัพย์อาสา'),
('11077', 'เสาวรัตน์', 'เครือยา'),
('11078', 'สุกัญญา', 'แสนทวีสุข'),
('11081', 'ธีระชัย', 'ป้อมสุวรรณ์'),
('11082', 'ธัญลักษณ์', 'ยี่โต๊ะ'),
('11083', 'ปรัชญา', 'สาขะหลอน'),
('11084', 'สุทธิชัย', 'บรรณกิจ'),
('11086', 'พิทักษ์', 'ทำคาม'),
('11087', 'เฉลิมพล', 'เสริมสุข'),
('11088', 'สิรวิชญ์', 'จิตรจักร'),
('11090', 'สุจิตรา', 'สุริยะลังกา'),
('11091', 'ศมะ', 'กาญจนะประยูร'),
('11096', 'บุญส่ง', 'ดอกไม้'),
('11097', 'สุภาพร', 'ไชยบุญญา'),
('11098', 'บันลม', 'เลพล'),
('11099', 'อัญธิกา', 'ดุมแก้ว'),
('11100', 'จีรวัฒน์', 'ทันหาบุรุษ'),
('11101', 'อำพร', 'ทองอ้วน'),
('11102', 'สุดาพร', 'ภูน้ำทอง'),
('11103', 'พรรณี', 'พูพวง'),
('11104', 'กริษฐา', 'กำลังหาญ'),
('11105', 'กระวิน', 'ศรีสุราช'),
('11106', 'วิรัติ', 'ศรีพิมาย'),
('11107', 'จักรกฤษ', 'จำลองพันธ์'),
('11108', 'อนุสรณ์', 'ไวยกรรณ์'),
('11109', 'สุนิสา', 'สานนอก'),
('11110', 'สุภาวดี', 'คำชัย'),
('11111', 'สโรชา', 'หิรัญราศีกุล'),
('11112', 'สุวรรณี', 'สุขรินทร์'),
('11113', 'จักธ์มาวิน', 'สิรินันทะเขต'),
('11114', 'จริยา', 'แสงแก้ว'),
('11115', 'กฤษดา', 'มีโชค'),
('11116', 'ภานุวัฒน์', 'บำรุงเชื้อ'),
('11117', 'กฤษณา', 'มุทุกันฑ์'),
('11118', 'เจนจิรา', 'ฉัตรเมืองปัก'),
('11119', 'ปัทมา', 'จักษุมาตร'),
('11120', 'วราภรณ์', 'เหล็กแก้ว'),
('11121', 'ณัฐพร', 'น้อยก้อม'),
('11122', 'เอกภาพ', 'ภางาม'),
('11123', 'สายฝน', 'บุญจันทร์'),
('11124', 'ศิริพรรณ', 'อุดแน่น'),
('11125', 'จักรกฤษณ์', 'กินารัก'),
('11126', 'ณัฐพล', 'ราชบุญคุณ'),
('11127', 'รุ่งทิพย์', 'สุทธศิลป์'),
('11128', 'เอกสิทธิ์', 'ศรีบุญเรือง'),
('11130', 'สามารถ', 'ศรีสุขเจริญ'),
('11131', 'ธนากรณ์', 'ยศไกร'),
('11132', 'ศุภรัตน์', 'สายสุพันธุ์'),
('11134', 'สิรินันท์', 'ปัญญาสิทธิ์'),
('11136', 'ยุทธนา', 'มั่นคง'),
('11137', 'อำนาจ', 'พุทธา'),
('11138', 'อุษา', 'รัตนสิงห์'),
('11139', 'วราภรณ์', 'แย้มศรี'),
('11140', 'ปวีณา', 'นัดทยาย'),
('11141', 'วาสนา', 'รัชพันธ์'),
('11142', 'สุรเดช', 'ต่อสกุล'),
('11143', 'กิตติพันธ์', 'คำพันธ์'),
('11144', 'เสกสิทธิ์', 'มาลีบุตร'),
('11145', 'ละมัย', 'โคตรทองทิพย์'),
('11146', 'พรทิพย์', 'เงสันเทียะ'),
('11147', 'ต้นตระการ', 'อนุศิริ'),
('11148', 'จักรพงษ์', 'บุญทัน'),
('11149', 'จุฑามาศ', 'รอดโฉมฉิม'),
('11150', 'กนกกาญจน์', 'อินแปลง'),
('11151', 'นิยม', 'บุญมี'),
('11152', 'วรสิทธิ์', 'มาขวา'),
('11153', 'อนุรักษ์', 'จำปาป่า'),
('11155', 'สุกัญญา', 'นามพรม'),
('11156', 'เสกสรรค์', 'พัชนี'),
('11157', 'อัฐทวี', 'นนท์ศิริ'),
('11158', 'กรสุภา', 'โสมวงค์'),
('11159', 'นลินี', 'ปากม่วง'),
('11160', 'นุชจรินทร์', 'นวนแก้ว'),
('11161', 'จันทร', 'ธูปน้ำคำ'),
('11162', 'ศรายุทธ', 'คำพิลา'),
('11163', 'เอกภพ', 'พละไชย'),
('11164', 'อัครชาติ', 'พละสาร'),
('11165', 'กิติพงษ์', 'จันทะสี'),
('11166', 'ก้องเกียรติ', 'แสงไพบูลย์'),
('11167', 'กิติศักดิ์', 'ใจใหญ่'),
('11168', 'เอกณฤทธิ์', 'มิตตะกัง'),
('11169', 'ธีระศักดิ์', 'วันเทียน'),
('11172', 'ภาณุชาติ', 'เครือบุตร'),
('11173', 'วิทวัส', 'ทะเสนฮด'),
('11174', 'ชลิตา', 'งามนภา'),
('11175', 'กฤษฎา', 'จำรัส'),
('11176', 'ณัฐพงศ์', 'อ่อนสด'),
('11178', 'โสภณ', 'วงค์วิลาส'),
('11179', 'พรนภา', 'แตงพันธ์'),
('11180', 'ยุพาพร', 'บุญวัง'),
('11181', 'ปนัดดา', 'แสวงสุนทวี'),
('11182', 'สุรสิทธิ์', 'ซึ่งสมพัฒน์'),
('11183', 'อภิวัฒน์', 'บุญสิม'),
('11184', 'พิกุล', 'ชัยรัมย์'),
('11185', 'เพ็ญพิชชา', 'พาลี'),
('11186', 'ศราวุธ', 'นรมาตย์'),
('11187', 'อนุธิดา', 'เพราะเรืองบิดา'),
('11188', 'อนุพล', 'หมื่นจิตร'),
('11189', 'อุทุมพร', 'หอมสมบัติ'),
('11190', 'ดุษฎี', 'ทีบัวบาน'),
('11191', 'ยุทธนา', 'คุณภาที'),
('11192', 'นิรพันธ์', 'ประเสริฐสังข์'),
('11193', 'เกษราภรณ์', 'ลาดก่าน'),
('11194', 'ธวัช', 'ชื่นชม'),
('11195', 'พรสุดา', 'กันทิพย์'),
('11196', 'ยุภาภรณ์', 'แทนนำ'),
('11197', 'ต่อศักดิ์', 'มาพรม'),
('11198', 'ศิครินทร์', 'ทัศนสมบูรณ์'),
('11199', 'หฤทัย', 'ศรีสุวะ'),
('11200', 'วรายุทธ', 'วัฒนาวงค์'),
('11201', 'ตุลา', 'ปลื้มใจ'),
('11202', 'เจนจิรา', 'เบื้องบน'),
('11203', 'จันทรา', 'ผาริโน'),
('11204', 'มนต์รัก', 'ทองยุ้น'),
('11205', 'ประสิทธิ์', 'ธงชัย'),
('11207', 'พรชัย', 'ทองประไพ'),
('11208', 'สุทัศน์', 'อันประเสริฐ'),
('11209', 'ณมน', 'พิชญานุรัตน์'),
('11210', 'ธัชชัย', 'สมบัติมงคล'),
('11211', 'พงศธร', 'พันชาติ'),
('11212', 'กัญญารัตน์', 'รีฮุง'),
('11213', 'ณัฐภัทร', 'อิ่มเขียว'),
('11214', 'อภินันต์', 'มีชัยมาตย์'),
('11215', 'วีนัส', 'นัคราช'),
('11216', 'สุริยา', 'เวรุนาทอน'),
('11217', 'ปริญญา', 'สังข์หร่าย'),
('11218', 'วัชระ', 'พุทไธสง'),
('11219', 'ยุติพงษ์', 'พูลพันธ์'),
('11220', 'อรุณสวัสดิ์', 'ใจประเสริฐ'),
('11221', 'ธีรพล', 'ยันต์พิมาย'),
('11222', 'รักษ์สุดา', 'ดวงจันทร์'),
('11223', 'มณีรัตน์', 'เวชคง'),
('11224', 'ธรรณยพร', 'ต้นคำ'),
('11225', 'มงคล', 'เพชรบรรพต'),
('11226', 'มะลิวัลย์', 'จันทร์มิตร์'),
('11227', 'ก้องภพ', 'แสงตา'),
('11228', 'สุภาวดี', 'ขอนนอก'),
('11229', 'ยงยุทธ', 'นิยมถิ่น'),
('11230', 'อดิศักดิ์', 'ชะบาทอง'),
('11231', 'อรอนงค์', 'จารวงศ์รักษ์'),
('11232', 'นาวิน', 'สีเนินสวัสดิ์'),
('11233', 'อนันต์', 'แก้ววัน'),
('11234', 'จักรนรินทร์', 'ยศปัญญา'),
('11235', 'มาลัย', 'ไหมทอง'),
('11236', 'ประสิทธิ์', 'แก้วสอดส่อง'),
('11237', 'สิริลัคนา', 'ทองนาค'),
('11238', 'ศศิวิมล', 'คำลุน'),
('11239', 'อมรเทพ', 'หนูกูต'),
('11240', 'ณ.ชนก', 'มีผลกิจ'),
('11242', 'ณัฐพล', 'ปากหวาน'),
('11244', 'ปกรณ์', 'แดงแสละ'),
('11245', 'พัฒน์นรี', 'สัตยาเลิศธรรม'),
('11247', 'ธารารัตน์', 'สีสง่า'),
('11249', 'กิตติศักดิ์', 'ฝั้นปวน'),
('11252', 'พรรณราย', 'บูรณะ'),
('11253', 'รุ่งฤดี', 'กิ่งวงศา'),
('11254', 'นงคราญ', 'พุ่มจันทร์'),
('11255', 'อรัญญา', 'กลิ่นบัว'),
('11256', 'ยุทธนา', 'น้อยเนียม'),
('11257', 'ชนะนันท์', 'จริยาธนธรรม'),
('11258', 'สุรีย์พร', 'ประทีป'),
('11259', 'วุฒิชัย', 'บุตรชา'),
('11260', 'ปรัศนีย์ยา', 'ดาวเรือง'),
('11261', 'ศิริวรรณ', 'ทะสา'),
('11262', 'โสภา', 'สวนเพชร'),
('11263', 'ประภูศักดิ์', 'บุญแท้'),
('11264', 'จุฬาวรรณ', 'รสหอม'),
('11265', 'ภูวดล', 'ซาเสน'),
('11266', 'วิเชษ', 'อุ่นคำ'),
('11267', 'ณัฐภัทร', 'รักภักดี'),
('11268', 'นิวัต', 'เอี้ยนไธสง'),
('11269', 'ขจรเดช', 'ใจปวง'),
('11270', 'พงศธร', 'เสนาคบุตร'),
('11271', 'จักรกฤษ', 'วงษ์ชมภู'),
('11272', 'กนกศักดิ์', 'วรรณยุทธ'),
('11273', 'ประภาพร', 'สุรชาติ'),
('11274', 'อรอนงค์', 'จันทะพันธ์'),
('11275', 'ภูมิอนันต์', 'กันทะโย'),
('11276', 'ปริทัศน์', 'ถมทอง'),
('11277', 'เนตรนภา', 'มีทรัพย์'),
('11278', 'มลฤดี', 'สิงหาร'),
('11279', 'ชไมพร', 'วงค์ฝ่ายแดง'),
('11280', 'กุลธิดา', 'เพชรโก'),
('11281', 'วนิดา', 'เยาว์รัมย์'),
('11282', 'ภารดี', 'คำลือ'),
('11283', 'กัลยารัตน์', 'วรรณลา'),
('11284', 'ทวีโชค', 'สิงห์ธรรม'),
('11285', 'ณัฐวี', 'ศรีคุณ'),
('11286', 'หนึ่งฤทัย', 'จันทร์ทอง'),
('11287', 'อรรถพล', 'ศิลป์ประเสริฐ'),
('11288', 'เจริญชัย', 'อาษาวงศ์'),
('11289', 'เด่น', 'จันทร์โท'),
('11290', 'สกล', 'ฉันไชย์'),
('11291', 'บุญล้อม', 'ชมตา'),
('11292', 'ธนัช', 'ธนชัยเศรษฐวุฒิ'),
('11293', 'ณัฐชนนท์', 'โพธิ์วัด'),
('11294', 'สรัณกร', 'ศรีนาค'),
('11295', 'รัฐพล', 'คมทอง'),
('11296', 'รุ่งโรจน์', 'ธนกรดิษฐ์'),
('11297', 'ภูษณิศา', 'มุ่งแสง'),
('11298', 'วงศกร', 'ใจต๊ะมา'),
('11300', 'อัญธิการ์', 'กองเขียว'),
('11301', 'ชัยภัทร', 'ชวะวิทย์');

-- --------------------------------------------------------

--
-- Table structure for table `lms_employee_`
--

CREATE TABLE `lms_employee_` (
  `Emp_id` varchar(11) NOT NULL,
  `Emp_fname` varchar(50) DEFAULT NULL,
  `Emp_lname` varchar(50) DEFAULT NULL,
  `Emp_password` varchar(250) DEFAULT NULL,
  `Emp_stac_id` int(11) DEFAULT NULL
) ENGINE=InnoDB DEFAULT CHARSET=utf8 COMMENT='1';

--
-- Dumping data for table `lms_employee_`
--

INSERT INTO `lms_employee_` (`Emp_id`, `Emp_fname`, `Emp_lname`, `Emp_password`, `Emp_stac_id`) VALUES
('00009', 'สุรีรัตน์', 'ศรีเพ็ชร์', '00009', 1),
('00013', 'จิรเดช', 'พิทักษ์ทวยหาญ', '00013', 1),
('00018', 'สิทธิพร', 'ชลายน', '00018', 1),
('00025', 'ณัชชา', 'กุลธนปรีดา', '00025', 1),
('00028', 'นรากร', 'พวงพลอย', '00028', 1),
('00033', 'คณาพจน์', 'สุรนารถ', '00033', 1),
('00034', 'อัครพล', 'พงษ์เกษ', '00034', 1),
('00035', 'โกมินทร์', 'สุขดี', '00035', 1),
('00039', 'ภาณุวัฒน์', 'จงวัฒนาพรชัย', '00039', 1),
('00040', 'สมเด็จ', 'เหมะเทวัน', '00040', 1),
('00041', 'จำเริญ', 'ทองอุลาน', '00041', 1),
('00045', 'สงัด', 'จ่ามีเคน', '00045', 1),
('00055', 'ศิริชัย', 'บุญชาติ', '00055', 1),
('00057', 'สุชาติ', 'นกหงษ์', '00057', 1),
('00064', 'ธนัชพงศ์', 'พิริยะกิจการณ์', '00064', 1),
('00065', 'พรเทวัน', 'พองพรหม', '00065', 1),
('00078', 'กมลภพ', 'สถิติ', '00078', 1),
('00113', 'รณชิต', 'เทศศรีเมือง', '00113', 1),
('00225', 'ปริวรรต', 'นนตะภาพ', '00225', 1),
('02701', 'วิภา', 'เมฆเลื่อม', '02701', 1),
('02971', 'อมลรัตน์', 'วสิฐธนาวัฒน์', '02971', 1),
('03053', 'ประดิษฐ์', 'ยอดเพชร', '03053', 1),
('04185', 'เศรษฐศาสตร์', 'โวหารกล้า', '04185', 1),
('04640', 'พลอยไพลิน', 'เตี๋ยวสกุล', '04640', 1),
('04771', 'กัณฑิมา', 'หัตถารักษ์', '04771', 1),
('05032', 'ธนากร', 'แนวเวียง', '23050', 1),
('10344', 'วันเพ็ญ', 'ไวสาริกรรม', '10344', 1),
('40495', 'Chatchai', 'Nak-orn', '1234', 1),
('40496', 'Chatwit', 'Witchai', '0000', 1),
('40497', 'อุลตร้า', 'แมน', '1011', 2),
('admin', 'admin', 'admin', 'adminp', 2);

-- --------------------------------------------------------

--
-- Table structure for table `magzine_`
--

CREATE TABLE `magzine_` (
  `Mag_id` int(11) NOT NULL,
  `Mag_name` varchar(50) DEFAULT NULL,
  `Mag_Bc_id` int(11) DEFAULT NULL,
  `Mag_Btc_id` int(11) DEFAULT NULL,
  `Mag_year` year(4) DEFAULT NULL,
  `Mag_Call_id` int(11) DEFAULT NULL,
  `Mag_Magt_id` int(11) DEFAULT NULL,
  `Mag_price` int(11) DEFAULT NULL,
  `Mag_copy` int(11) DEFAULT NULL,
  `Mag_stab_id` int(11) DEFAULT NULL
) ENGINE=InnoDB DEFAULT CHARSET=utf8 COMMENT='1';

--
-- Dumping data for table `magzine_`
--

INSERT INTO `magzine_` (`Mag_id`, `Mag_name`, `Mag_Bc_id`, `Mag_Btc_id`, `Mag_year`, `Mag_Call_id`, `Mag_Magt_id`, `Mag_price`, `Mag_copy`, `Mag_stab_id`) VALUES
(1, 'playboy', 1, 1, 2018, 3, 1, 12, 1, NULL),
(5, 'สงสัย', NULL, NULL, 2010, 53, 2, 8, 1, NULL),
(6, 'test', NULL, NULL, 2014, 73, 3, 59, 1, NULL),
(11, 'ทำไมนะ', NULL, NULL, 2014, 96, 3, 3, 1, NULL),
(12, 'สวัสดี', NULL, NULL, 2018, 104, 2, 10, 1, NULL),
(13, '1', NULL, NULL, 2001, 131, 2, 1, 1, NULL),
(14, 'hello', NULL, NULL, 2018, 137, 2, 100, 1, NULL);

-- --------------------------------------------------------

--
-- Table structure for table `magzine_type_`
--

CREATE TABLE `magzine_type_` (
  `Magt` int(11) NOT NULL,
  `Magt_name` varchar(50) NOT NULL
) ENGINE=InnoDB DEFAULT CHARSET=utf8 COMMENT='1';

--
-- Dumping data for table `magzine_type_`
--

INSERT INTO `magzine_type_` (`Magt`, `Magt_name`) VALUES
(1, 'รายปักษ์'),
(2, 'รายเดือน'),
(3, 'รายปี');

-- --------------------------------------------------------

--
-- Table structure for table `manage`
--

CREATE TABLE `manage` (
  `Man_id` int(11) NOT NULL,
  `Man_emp_id` varchar(11) NOT NULL,
  `Man_date_start` date NOT NULL,
  `Man_pay` int(11) NOT NULL,
  `Man_Bc_id` int(11) DEFAULT NULL,
  `Man_Call_id` int(11) DEFAULT NULL,
  `Man_Stab_id` int(11) DEFAULT NULL,
  `Man_date_end` date DEFAULT NULL,
  `Man_date_return` date DEFAULT NULL
) ENGINE=InnoDB DEFAULT CHARSET=utf8;

--
-- Dumping data for table `manage`
--

INSERT INTO `manage` (`Man_id`, `Man_emp_id`, `Man_date_start`, `Man_pay`, `Man_Bc_id`, `Man_Call_id`, `Man_Stab_id`, `Man_date_end`, `Man_date_return`) VALUES
(352, '40495', '2018-09-17', 0, NULL, 5, 3, '2018-09-24', '2018-09-17'),
(353, '40495', '2018-09-17', 0, NULL, 1, 1, '2018-09-24', NULL),
(354, '40495', '2018-09-17', 0, NULL, 3, 3, '2018-09-24', '2018-09-17');

-- --------------------------------------------------------

--
-- Table structure for table `month`
--

CREATE TABLE `month` (
  `mon_id` int(11) NOT NULL,
  `mon_name` varchar(250) NOT NULL
) ENGINE=InnoDB DEFAULT CHARSET=utf8;

--
-- Dumping data for table `month`
--

INSERT INTO `month` (`mon_id`, `mon_name`) VALUES
(1, 'มกราคม'),
(2, 'กุมภาพันธ์'),
(3, 'มีนาคม'),
(4, 'เมษายน'),
(5, 'พฤษภาคม'),
(6, 'มิถุนายน'),
(7, 'กรกฎาคม'),
(8, 'สิงหาคม'),
(9, 'กันยายน'),
(10, 'ตุลาคม'),
(11, 'พฤศจิกายน'),
(12, 'ธันวาคม');

-- --------------------------------------------------------

--
-- Table structure for table `old_books_`
--

CREATE TABLE `old_books_` (
  `old_id` int(11) NOT NULL,
  `old_call_number` varchar(250) NOT NULL,
  `old_name` varchar(250) NOT NULL,
  `old_author` varchar(250) NOT NULL,
  `old_publisher` varchar(250) NOT NULL,
  `old_year` year(4) NOT NULL
) ENGINE=InnoDB DEFAULT CHARSET=utf8;

-- --------------------------------------------------------

--
-- Table structure for table `publisher_`
--

CREATE TABLE `publisher_` (
  `Pub_id` int(11) NOT NULL,
  `Pub_name` varchar(250) NOT NULL,
  `Pub_address` varchar(250) NOT NULL
) ENGINE=InnoDB DEFAULT CHARSET=utf8;

--
-- Dumping data for table `publisher_`
--

INSERT INTO `publisher_` (`Pub_id`, `Pub_name`, `Pub_address`) VALUES
(1, 'asd', '1111'),
(2, 'asd', '123213'),
(41, 'ทำอะไรเพชร', 'กรุงเทพ'),
(43, 'Vibulkit', 'Bkk'),
(48, 'ชื่อสำนักพิมพ์', 'จังหวัด');

-- --------------------------------------------------------

--
-- Table structure for table `regulation_`
--

CREATE TABLE `regulation_` (
  `Reg_id` int(11) NOT NULL,
  `Reg_num_book` int(11) DEFAULT NULL,
  `Reg_num_day` int(11) DEFAULT NULL,
  `Reg_num_cost` int(11) DEFAULT NULL,
  `Reg_Btc_id` int(11) DEFAULT NULL
) ENGINE=InnoDB DEFAULT CHARSET=utf8 COMMENT='1';

--
-- Dumping data for table `regulation_`
--

INSERT INTO `regulation_` (`Reg_id`, `Reg_num_book`, `Reg_num_day`, `Reg_num_cost`, `Reg_Btc_id`) VALUES
(1, 5, 7, 2, 2),
(2, 3, 7, 2, 3),
(3, 3, 7, 2, 1);

-- --------------------------------------------------------

--
-- Table structure for table `status_account`
--

CREATE TABLE `status_account` (
  `Stac_id` int(11) NOT NULL,
  `Stac_name` varchar(250) NOT NULL
) ENGINE=InnoDB DEFAULT CHARSET=utf8;

--
-- Dumping data for table `status_account`
--

INSERT INTO `status_account` (`Stac_id`, `Stac_name`) VALUES
(1, 'user'),
(2, 'admin');

-- --------------------------------------------------------

--
-- Table structure for table `status_book_`
--

CREATE TABLE `status_book_` (
  `Stab_id` int(11) NOT NULL,
  `Stab_name` varchar(50) DEFAULT NULL
) ENGINE=InnoDB DEFAULT CHARSET=utf8;

--
-- Dumping data for table `status_book_`
--

INSERT INTO `status_book_` (`Stab_id`, `Stab_name`) VALUES
(1, 'ยืม'),
(2, 'ยืมต่อ'),
(3, 'คืนแล้ว'),
(4, 'คืนแบบยังไม่ชำระ'),
(5, 'ยังไม่คืนและไม่ชำระ'),
(6, 'ค้างส่ง'),
(7, 'รอยืม'),
(8, 'รอคืน');

-- --------------------------------------------------------

--
-- Table structure for table `subcategories`
--

CREATE TABLE `subcategories` (
  `Sub_id` varchar(250) NOT NULL,
  `Sub_name` varchar(250) NOT NULL,
  `Sub_Cat_id` varchar(250) DEFAULT NULL
) ENGINE=InnoDB DEFAULT CHARSET=utf8;

--
-- Dumping data for table `subcategories`
--

INSERT INTO `subcategories` (`Sub_id`, `Sub_name`, `Sub_Cat_id`) VALUES
('1', 'SAD', '100'),
('410', 'ภาษาไทย', '400'),
('420', 'ภาษาอังกฤษ', '400'),
('430', 'ภาษาญี่ปุ่น', '400'),
('ลองดู', 'ลองดู', NULL);

--
-- Indexes for dumped tables
--

--
-- Indexes for table `audiovisual_`
--
ALTER TABLE `audiovisual_`
  ADD PRIMARY KEY (`Aud_id`),
  ADD KEY `Aud_Call_id` (`Aud_Call_id`),
  ADD KEY `Aud_Cat_id` (`Aud_Cat_id`),
  ADD KEY `Aud_Reg_id` (`Aud_Reg_id`),
  ADD KEY `audiovisual__ibfk_5` (`Aud_Stab_id`);

--
-- Indexes for table `author_`
--
ALTER TABLE `author_`
  ADD PRIMARY KEY (`Aut_id`);

--
-- Indexes for table `barcode_`
--
ALTER TABLE `barcode_`
  ADD PRIMARY KEY (`Bc_id`),
  ADD KEY `Bc_Bct_id` (`Bc_Bct_id`),
  ADD KEY `BC_Cnt_id` (`BC_Cnt_id`);

--
-- Indexes for table `barcode_type_`
--
ALTER TABLE `barcode_type_`
  ADD PRIMARY KEY (`Bct_id`);

--
-- Indexes for table `book_`
--
ALTER TABLE `book_`
  ADD PRIMARY KEY (`Boo_id`),
  ADD KEY `Boo_id` (`Boo_id`),
  ADD KEY `Boo_Bc_id` (`Boo_Bc_id`),
  ADD KEY `Boo_Aut_id` (`Boo_Aut_id`),
  ADD KEY `Boo_Pub_id` (`Boo_Pub_id`),
  ADD KEY `Boo_Cat_id` (`Boo_Cat_id`),
  ADD KEY `Boo_Call_id` (`Boo_Call_id`),
  ADD KEY `Boo_Reg_id` (`Boo_Reg_id`),
  ADD KEY `Boo_Bct_id` (`Boo_Bct_id`),
  ADD KEY `Boo_Sub_id` (`Boo_Sub_id`),
  ADD KEY `Boo_Stab_id` (`Boo_Stab_id`);

--
-- Indexes for table `calendar`
--
ALTER TABLE `calendar`
  ADD PRIMARY KEY (`Cal_id`);

--
-- Indexes for table `call_number`
--
ALTER TABLE `call_number`
  ADD PRIMARY KEY (`Call_id`),
  ADD KEY `Call_Cnt_id` (`Call_Cnt_id`);

--
-- Indexes for table `call_number_type`
--
ALTER TABLE `call_number_type`
  ADD PRIMARY KEY (`Cnt_id`);

--
-- Indexes for table `category_`
--
ALTER TABLE `category_`
  ADD PRIMARY KEY (`Cat_id`),
  ADD KEY `Cat_id` (`Cat_id`);

--
-- Indexes for table `date_holliday`
--
ALTER TABLE `date_holliday`
  ADD PRIMARY KEY (`Dath_id`);

--
-- Indexes for table `employee`
--
ALTER TABLE `employee`
  ADD PRIMARY KEY (`Emp_ID`);

--
-- Indexes for table `lms_employee_`
--
ALTER TABLE `lms_employee_`
  ADD PRIMARY KEY (`Emp_id`),
  ADD KEY `Emp_id` (`Emp_id`),
  ADD KEY `Emp_stac_id` (`Emp_stac_id`);

--
-- Indexes for table `magzine_`
--
ALTER TABLE `magzine_`
  ADD PRIMARY KEY (`Mag_id`),
  ADD KEY `Mag_Bc_id` (`Mag_Bc_id`),
  ADD KEY `Mag_Btc_id` (`Mag_Btc_id`),
  ADD KEY `Mag_Magt_id` (`Mag_Magt_id`),
  ADD KEY `Mag_Call_id` (`Mag_Call_id`),
  ADD KEY `magzine__ibfk_5` (`Mag_stab_id`);

--
-- Indexes for table `magzine_type_`
--
ALTER TABLE `magzine_type_`
  ADD PRIMARY KEY (`Magt`);

--
-- Indexes for table `manage`
--
ALTER TABLE `manage`
  ADD PRIMARY KEY (`Man_id`),
  ADD KEY `Man_Bc_id` (`Man_Bc_id`),
  ADD KEY `Man_Call_id` (`Man_Call_id`),
  ADD KEY `Man_Stab_id` (`Man_Stab_id`),
  ADD KEY `Man_emp_id` (`Man_emp_id`);

--
-- Indexes for table `publisher_`
--
ALTER TABLE `publisher_`
  ADD PRIMARY KEY (`Pub_id`);

--
-- Indexes for table `regulation_`
--
ALTER TABLE `regulation_`
  ADD PRIMARY KEY (`Reg_id`),
  ADD KEY `FK_regulation__barcode_type_` (`Reg_Btc_id`);

--
-- Indexes for table `status_account`
--
ALTER TABLE `status_account`
  ADD PRIMARY KEY (`Stac_id`);

--
-- Indexes for table `status_book_`
--
ALTER TABLE `status_book_`
  ADD PRIMARY KEY (`Stab_id`);

--
-- Indexes for table `subcategories`
--
ALTER TABLE `subcategories`
  ADD PRIMARY KEY (`Sub_id`),
  ADD KEY `Sub_Cat_id` (`Sub_Cat_id`);

--
-- AUTO_INCREMENT for dumped tables
--

--
-- AUTO_INCREMENT for table `audiovisual_`
--
ALTER TABLE `audiovisual_`
  MODIFY `Aud_id` int(11) NOT NULL AUTO_INCREMENT COMMENT 'ไอดีของโสตทัศนวัสดุ', AUTO_INCREMENT=31;
--
-- AUTO_INCREMENT for table `author_`
--
ALTER TABLE `author_`
  MODIFY `Aut_id` int(11) NOT NULL AUTO_INCREMENT COMMENT 'ไอดีของผู้แต่ง', AUTO_INCREMENT=8;
--
-- AUTO_INCREMENT for table `barcode_`
--
ALTER TABLE `barcode_`
  MODIFY `Bc_id` int(11) NOT NULL AUTO_INCREMENT, AUTO_INCREMENT=2;
--
-- AUTO_INCREMENT for table `barcode_type_`
--
ALTER TABLE `barcode_type_`
  MODIFY `Bct_id` int(11) NOT NULL AUTO_INCREMENT, AUTO_INCREMENT=4;
--
-- AUTO_INCREMENT for table `book_`
--
ALTER TABLE `book_`
  MODIFY `Boo_id` int(11) NOT NULL AUTO_INCREMENT COMMENT 'ไอดีหนังสือ', AUTO_INCREMENT=117;
--
-- AUTO_INCREMENT for table `calendar`
--
ALTER TABLE `calendar`
  MODIFY `Cal_id` int(11) NOT NULL AUTO_INCREMENT, AUTO_INCREMENT=5;
--
-- AUTO_INCREMENT for table `call_number`
--
ALTER TABLE `call_number`
  MODIFY `Call_id` int(11) NOT NULL AUTO_INCREMENT COMMENT 'ไอดีเลขเรียกรายการ', AUTO_INCREMENT=139;
--
-- AUTO_INCREMENT for table `call_number_type`
--
ALTER TABLE `call_number_type`
  MODIFY `Cnt_id` int(11) NOT NULL AUTO_INCREMENT COMMENT 'ไอดีประเภทเลขเรียกรายการ', AUTO_INCREMENT=4;
--
-- AUTO_INCREMENT for table `date_holliday`
--
ALTER TABLE `date_holliday`
  MODIFY `Dath_id` int(11) NOT NULL AUTO_INCREMENT COMMENT 'ไอดีวันหยุด', AUTO_INCREMENT=109;
--
-- AUTO_INCREMENT for table `magzine_`
--
ALTER TABLE `magzine_`
  MODIFY `Mag_id` int(11) NOT NULL AUTO_INCREMENT, AUTO_INCREMENT=15;
--
-- AUTO_INCREMENT for table `magzine_type_`
--
ALTER TABLE `magzine_type_`
  MODIFY `Magt` int(11) NOT NULL AUTO_INCREMENT, AUTO_INCREMENT=4;
--
-- AUTO_INCREMENT for table `manage`
--
ALTER TABLE `manage`
  MODIFY `Man_id` int(11) NOT NULL AUTO_INCREMENT, AUTO_INCREMENT=355;
--
-- AUTO_INCREMENT for table `publisher_`
--
ALTER TABLE `publisher_`
  MODIFY `Pub_id` int(11) NOT NULL AUTO_INCREMENT, AUTO_INCREMENT=49;
--
-- AUTO_INCREMENT for table `regulation_`
--
ALTER TABLE `regulation_`
  MODIFY `Reg_id` int(11) NOT NULL AUTO_INCREMENT, AUTO_INCREMENT=4;
--
-- AUTO_INCREMENT for table `status_account`
--
ALTER TABLE `status_account`
  MODIFY `Stac_id` int(11) NOT NULL AUTO_INCREMENT, AUTO_INCREMENT=3;
--
-- Constraints for dumped tables
--

--
-- Constraints for table `audiovisual_`
--
ALTER TABLE `audiovisual_`
  ADD CONSTRAINT `audiovisual__ibfk_2` FOREIGN KEY (`Aud_Call_id`) REFERENCES `call_number` (`Call_id`),
  ADD CONSTRAINT `audiovisual__ibfk_3` FOREIGN KEY (`Aud_Cat_id`) REFERENCES `category_` (`Cat_id`),
  ADD CONSTRAINT `audiovisual__ibfk_4` FOREIGN KEY (`Aud_Reg_id`) REFERENCES `regulation_` (`Reg_id`),
  ADD CONSTRAINT `audiovisual__ibfk_5` FOREIGN KEY (`Aud_Stab_id`) REFERENCES `manage` (`Man_Stab_id`);

--
-- Constraints for table `barcode_`
--
ALTER TABLE `barcode_`
  ADD CONSTRAINT `barcode__ibfk_1` FOREIGN KEY (`Bc_Bct_id`) REFERENCES `call_number_type` (`Cnt_id`);

--
-- Constraints for table `book_`
--
ALTER TABLE `book_`
  ADD CONSTRAINT `book__ibfk_1` FOREIGN KEY (`Boo_Bc_id`) REFERENCES `barcode_` (`Bc_id`),
  ADD CONSTRAINT `book__ibfk_10` FOREIGN KEY (`Boo_Stab_id`) REFERENCES `manage` (`Man_Stab_id`),
  ADD CONSTRAINT `book__ibfk_2` FOREIGN KEY (`Boo_Aut_id`) REFERENCES `author_` (`Aut_id`),
  ADD CONSTRAINT `book__ibfk_3` FOREIGN KEY (`Boo_Pub_id`) REFERENCES `publisher_` (`Pub_id`),
  ADD CONSTRAINT `book__ibfk_4` FOREIGN KEY (`Boo_Cat_id`) REFERENCES `category_` (`Cat_id`),
  ADD CONSTRAINT `book__ibfk_5` FOREIGN KEY (`Boo_Call_id`) REFERENCES `call_number` (`Call_id`),
  ADD CONSTRAINT `book__ibfk_6` FOREIGN KEY (`Boo_Reg_id`) REFERENCES `regulation_` (`Reg_id`),
  ADD CONSTRAINT `book__ibfk_8` FOREIGN KEY (`Boo_Bct_id`) REFERENCES `barcode_type_` (`Bct_id`),
  ADD CONSTRAINT `book__ibfk_9` FOREIGN KEY (`Boo_Sub_id`) REFERENCES `subcategories` (`Sub_id`);

--
-- Constraints for table `call_number`
--
ALTER TABLE `call_number`
  ADD CONSTRAINT `call_number_ibfk_1` FOREIGN KEY (`Call_Cnt_id`) REFERENCES `call_number_type` (`Cnt_id`);

--
-- Constraints for table `lms_employee_`
--
ALTER TABLE `lms_employee_`
  ADD CONSTRAINT `lms_employee__ibfk_1` FOREIGN KEY (`Emp_stac_id`) REFERENCES `status_account` (`Stac_id`);

--
-- Constraints for table `magzine_`
--
ALTER TABLE `magzine_`
  ADD CONSTRAINT `magzine__ibfk_1` FOREIGN KEY (`Mag_Bc_id`) REFERENCES `barcode_` (`Bc_id`),
  ADD CONSTRAINT `magzine__ibfk_2` FOREIGN KEY (`Mag_Btc_id`) REFERENCES `barcode_type_` (`Bct_id`),
  ADD CONSTRAINT `magzine__ibfk_3` FOREIGN KEY (`Mag_Magt_id`) REFERENCES `magzine_type_` (`Magt`),
  ADD CONSTRAINT `magzine__ibfk_4` FOREIGN KEY (`Mag_Call_id`) REFERENCES `call_number` (`Call_id`),
  ADD CONSTRAINT `magzine__ibfk_5` FOREIGN KEY (`Mag_stab_id`) REFERENCES `manage` (`Man_Stab_id`);

--
-- Constraints for table `manage`
--
ALTER TABLE `manage`
  ADD CONSTRAINT `manage_ibfk_2` FOREIGN KEY (`Man_Bc_id`) REFERENCES `barcode_` (`Bc_id`),
  ADD CONSTRAINT `manage_ibfk_3` FOREIGN KEY (`Man_Call_id`) REFERENCES `call_number` (`Call_id`),
  ADD CONSTRAINT `manage_ibfk_4` FOREIGN KEY (`Man_Stab_id`) REFERENCES `status_book_` (`Stab_id`),
  ADD CONSTRAINT `manage_ibfk_5` FOREIGN KEY (`Man_emp_id`) REFERENCES `lms_employee_` (`Emp_id`);

--
-- Constraints for table `subcategories`
--
ALTER TABLE `subcategories`
  ADD CONSTRAINT `subcategories_ibfk_1` FOREIGN KEY (`Sub_Cat_id`) REFERENCES `category_` (`Cat_id`);

/*!40101 SET CHARACTER_SET_CLIENT=@OLD_CHARACTER_SET_CLIENT */;
/*!40101 SET CHARACTER_SET_RESULTS=@OLD_CHARACTER_SET_RESULTS */;
/*!40101 SET COLLATION_CONNECTION=@OLD_COLLATION_CONNECTION */;
